,Year-Month,MerchantName,CardScheme,TransactionDate,SaleAmount
0,2019-07,ADN-MRC-ASP-AMESBURYSSTN,visadebit,2,19.35
1,2019-07,ADN-MRC-ASP-BELLSHILLSSTN,visadebit,10,124.47999999999999
2,2019-07,ADN-MRC-ASP-BOULEVARDFS,visadebit,17,200.68
3,2019-07,ADN-MRC-ASP-BRADBURYSSTN,mastercard,2,3.58
4,2019-07,ADN-MRC-ASP-BRADBURYSSTN,visadebit,12,297.69
5,2019-07,ADN-MRC-ASP-BRADLEYSCOSTCUTTER,mastercard,2,41.870000000000005
6,2019-07,ADN-MRC-ASP-BRADLEYSCOSTCUTTER,visadebit,45,1442.7299999999996
7,2019-07,ADN-MRC-ASP-BUDGENSPARTON,visadebit,1,6.09
8,2019-07,ADN-MRC-ASP-BUDGENSWHITECHAPEL,visadebit,20,182.52
9,2019-07,ADN-MRC-ASP-CONNECTFUEL,visadebit,8,169.09999999999997
10,2019-07,ADN-MRC-ASP-DENABYSSTN,visadebit,5,41.81
11,2019-07,ADN-MRC-ASP-FENCEHOUSESSSTN,visadebit,4,31.05
12,2019-07,ADN-MRC-ASP-FLOWERBOWLGARAGE,mastercard,2,70.11
13,2019-07,ADN-MRC-ASP-FLOWERBOWLGARAGE,visadebit,16,550.93
14,2019-07,ADN-MRC-ASP-GARSTONWAYSTN,visadebit,3,31.85
15,2019-07,ADN-MRC-ASP-GLR-BENNEVIS,mastercard,24,1065.95
16,2019-07,ADN-MRC-ASP-GLR-BENNEVIS,visadebit,56,1596.6899999999996
17,2019-07,ADN-MRC-ASP-GLR-BRIDGENDFSTN,mastercard,29,1215.7199999999998
18,2019-07,ADN-MRC-ASP-GLR-BRIDGENDFSTN,visadebit,75,2272.89
19,2019-07,ADN-MRC-ASP-GLR-MORANGIE,mastercard,4,187.15
20,2019-07,ADN-MRC-ASP-GLR-MORANGIE,visadebit,27,807.06
21,2019-07,ADN-MRC-ASP-GLR-SEAPARK,mastercard,14,637.6
22,2019-07,ADN-MRC-ASP-GLR-SEAPARK,visadebit,97,2693.01
23,2019-07,ADN-MRC-ASP-GLR-UNIONROAD,mastercard,16,567.98
24,2019-07,ADN-MRC-ASP-GLR-UNIONROAD,visadebit,71,1977.52
25,2019-07,ADN-MRC-ASP-HARBOURNETQ97SY,mastercard,1,26.99
26,2019-07,ADN-MRC-ASP-HARBOURNETQ97SY,visadebit,6,160.20000000000002
27,2019-07,ADN-MRC-ASP-KALMAFOODS,mastercard,34,599.1400000000001
28,2019-07,ADN-MRC-ASP-KALMAFOODS,visadebit,189,3766.780000000002
29,2019-07,ADN-MRC-ASP-KENWORTHLTD,mastercard,2,82.2
30,2019-07,ADN-MRC-ASP-KENWORTHLTD,visadebit,43,821.42
31,2019-07,ADN-MRC-ASP-MOSTYNBROADWAY,mastercard,2,77.17
32,2019-07,ADN-MRC-ASP-MOSTYNBROADWAY,visadebit,12,204.84
33,2019-07,ADN-MRC-ASP-NEWLANDSSTN,mastercard,17,744.7800000000001
34,2019-07,ADN-MRC-ASP-NEWLANDSSTN,visadebit,85,2417.7700000000004
35,2019-07,ADN-MRC-ASP-NISASMARKET,mastercard,6,62.5
36,2019-07,ADN-MRC-ASP-NISASMARKET,visadebit,115,1042.7500000000002
37,2019-07,ADN-MRC-ASP-NIZAENTERPRISES,mastercard,1,6.63
38,2019-07,ADN-MRC-ASP-NIZAENTERPRISES,visadebit,8,68.14
39,2019-07,ADN-MRC-ASP-PARKHEADSSTN,visadebit,7,163.60000000000002
40,2019-07,ADN-MRC-ASP-PENYBANCSSTN,visadebit,1,36.4
41,2019-07,ADN-MRC-ASP-PRICESUPERGU99QH,visadebit,4,29.130000000000003
42,2019-07,ADN-MRC-ASP-REDTILESSSTN,mastercard,1,20.0
43,2019-07,ADN-MRC-ASP-REDTILESSSTN,visadebit,15,164.3
44,2019-07,ADN-MRC-ASP-RIDGEWAYSSTN,visadebit,7,63.89
45,2019-07,ADN-MRC-ASP-RIVERSIDESSTN,mastercard,4,143.61
46,2019-07,ADN-MRC-ASP-RIVERSIDESSTN,visadebit,23,671.3299999999999
47,2019-07,ADN-MRC-ASP-RUPEYALSSTN,visadebit,8,85.36
48,2019-07,ADN-MRC-ASP-SPARBOLTONBL35HP,mastercard,1,11.87
49,2019-07,ADN-MRC-ASP-SPARBOLTONBL35HP,visadebit,17,100.96
50,2019-07,ADN-MRC-ASP-SPARKHILLLTD,visadebit,2,31.29
51,2019-07,ADN-MRC-ASP-SPARWESTBAYSN,mastercard,1,3.37
52,2019-07,ADN-MRC-ASP-SPARWESTBAYSN,visadebit,4,34.22
53,2019-07,ADN-MRC-ASP-SUR-ABBOTSPA49AE,mastercard,1,19.01
54,2019-07,ADN-MRC-ASP-SUR-ABBOTSPA49AE,visadebit,4,94.97000000000001
55,2019-07,ADN-MRC-ASP-SUR-ADDERNE707JU,visadebit,12,295.73
56,2019-07,ADN-MRC-ASP-SUR-BOWBURNDH65NE,visadebit,12,174.24999999999997
57,2019-07,ADN-MRC-ASP-SUR-BREASTONDE723AF,visadebit,13,196.04999999999998
58,2019-07,ADN-MRC-ASP-SUR-BRENTFORDTW80DU,mastercard,6,199.85
59,2019-07,ADN-MRC-ASP-SUR-BRENTFORDTW80DU,visadebit,29,481.67
60,2019-07,ADN-MRC-ASP-SUR-CORBYNN172AE,visadebit,16,246.19
61,2019-07,ADN-MRC-ASP-SUR-CRAVENNW109PX,visadebit,17,168.23000000000005
62,2019-07,ADN-MRC-ASP-SUR-DEANSHA89RZ,mastercard,7,213.86
63,2019-07,ADN-MRC-ASP-SUR-DEANSHA89RZ,visadebit,32,671.6800000000001
64,2019-07,ADN-MRC-ASP-SUR-DENTONNE157DF,visadebit,20,314.4
65,2019-07,ADN-MRC-ASP-SUR-DURHAMDH32PF,visadebit,13,174.41
66,2019-07,ADN-MRC-ASP-SUR-EMSWORTHPO107JD,visadebit,3,15.08
67,2019-07,ADN-MRC-ASP-SUR-FORFARDD49BT,mastercard,1,11.59
68,2019-07,ADN-MRC-ASP-SUR-FORFARDD49BT,visadebit,25,425.0400000000001
69,2019-07,ADN-MRC-ASP-SUR-HASLINGBB46NT,mastercard,1,16.03
70,2019-07,ADN-MRC-ASP-SUR-HASLINGBB46NT,visadebit,14,269.19
71,2019-07,ADN-MRC-ASP-SUR-HKSDINNS253QY,mastercard,1,11.78
72,2019-07,ADN-MRC-ASP-SUR-HKSDINNS253QY,visadebit,18,261.85999999999996
73,2019-07,ADN-MRC-ASP-SUR-HKSEBRIDGNG138LA,visadebit,5,136.48999999999998
74,2019-07,ADN-MRC-ASP-SUR-HKSGRANTNG318BZ,visadebit,9,153.76
75,2019-07,ADN-MRC-ASP-SUR-HKSHILLSBORS62DA,mastercard,1,10.59
76,2019-07,ADN-MRC-ASP-SUR-HKSHILLSBORS62DA,visadebit,6,51.96
77,2019-07,ADN-MRC-ASP-SUR-HKSKEIGHBD211BB,visadebit,12,121.92
78,2019-07,ADN-MRC-ASP-SUR-HKSLITTLEDE236FQ,mastercard,2,81.63
79,2019-07,ADN-MRC-ASP-SUR-HKSLITTLEDE236FQ,visadebit,28,490.06999999999994
80,2019-07,ADN-MRC-ASP-SUR-HKSNEWARKNG244EQ,visadebit,9,112.19999999999999
81,2019-07,ADN-MRC-ASP-SUR-HKSRAINNG210JX,mastercard,2,60.43
82,2019-07,ADN-MRC-ASP-SUR-HKSRAINNG210JX,visadebit,9,202.08999999999997
83,2019-07,ADN-MRC-ASP-SUR-HKSSTRETDE556EW,visadebit,5,117.42000000000002
84,2019-07,ADN-MRC-ASP-SUR-HKSWOODHS139WF,visadebit,10,107.76
85,2019-07,ADN-MRC-ASP-SUR-HORBURYWF45PT,mastercard,1,18.0
86,2019-07,ADN-MRC-ASP-SUR-HORBURYWF45PT,visadebit,14,87.50999999999999
87,2019-07,ADN-MRC-ASP-SUR-INTAKE1S752DZ,mastercard,3,38.98
88,2019-07,ADN-MRC-ASP-SUR-INTAKE1S752DZ,visadebit,19,348.24999999999994
89,2019-07,ADN-MRC-ASP-SUR-INTAKE4S640HL,visadebit,7,58.04
90,2019-07,ADN-MRC-ASP-SUR-INTAKE5S712PA,visadebit,17,245.76000000000002
91,2019-07,ADN-MRC-ASP-SUR-LICHFIELDST13EB,visadebit,6,48.39
92,2019-07,ADN-MRC-ASP-SUR-MEADOWDH78ND,visadebit,7,74.67
93,2019-07,ADN-MRC-ASP-SUR-NEWBYYO126UA,visadebit,11,131.48
94,2019-07,ADN-MRC-ASP-SUR-NEWELGINIV306BG,mastercard,4,91.19
95,2019-07,ADN-MRC-ASP-SUR-NEWELGINIV306BG,visadebit,133,1977.490000000001
96,2019-07,ADN-MRC-ASP-SUR-NURSERYYO73AA,visadebit,7,251.46000000000004
97,2019-07,ADN-MRC-ASP-SUR-PROTHEROSELE16,visadebit,2,73.44
98,2019-07,ADN-MRC-ASP-SUR-RAPIDNE97TD,mastercard,1,2.2
99,2019-07,ADN-MRC-ASP-SUR-RAPIDNE97TD,visadebit,13,207.56
100,2019-07,ADN-MRC-ASP-SUR-RAVENSKA128RY,visadebit,9,105.09
101,2019-07,ADN-MRC-ASP-SUR-SOUTHINCHPH28AR,visadebit,1,41.14
102,2019-07,ADN-MRC-ASP-SUR-STANLEYSTN129DX,mastercard,25,930.76
103,2019-07,ADN-MRC-ASP-SUR-STANLEYSTN129DX,visadebit,154,4533.499999999999
104,2019-07,ADN-MRC-ASP-SUR-TGCBEXTN401QF,mastercard,16,657.1500000000001
105,2019-07,ADN-MRC-ASP-SUR-TGCBEXTN401QF,visadebit,216,4753.22
106,2019-07,ADN-MRC-ASP-SUR-TGCFELNE100NR,mastercard,4,152.32
107,2019-07,ADN-MRC-ASP-SUR-TGCFELNE100NR,visadebit,29,659.23
108,2019-07,ADN-MRC-ASP-SUR-TGCGATNE100NR,mastercard,2,78.88
109,2019-07,ADN-MRC-ASP-SUR-TGCGATNE100NR,visadebit,43,959.4900000000001
110,2019-07,ADN-MRC-ASP-SUR-TGCHASTN388BH,mastercard,9,421.41
111,2019-07,ADN-MRC-ASP-SUR-TGCHASTN388BH,visadebit,138,2494.5099999999993
112,2019-07,ADN-MRC-ASP-SUR-TGCKEYB185AU,visadebit,8,182.57999999999998
113,2019-07,ADN-MRC-ASP-SUR-VVSBEOB989DS,mastercard,123,5642.270000000002
114,2019-07,ADN-MRC-ASP-SUR-VVSBEOB989DS,visadebit,461,14704.25000000002
115,2019-07,ADN-MRC-ASP-SUR-WOLVISTONTS225JF,visadebit,13,166.89999999999998
116,2019-07,ADN-MRC-ASP-SUTHERLANDARMS,mastercard,1,68.0
117,2019-07,ADN-MRC-ASP-SUTHERLANDARMS,visadebit,6,201.21
118,2019-07,ADN-MRC-ASP-TREVSMOTORCYCLES,mastercard,1,48.5
119,2019-07,ADN-MRC-ASP-TREVSMOTORCYCLES,visadebit,14,458.20000000000005
120,2019-07,ADN-MRC-ASP-WESTENDGARAGE,mastercard,34,1584.62
121,2019-07,ADN-MRC-ASP-WESTENDGARAGE,visadebit,67,2164.1900000000005
122,2019-07,AVLUB-NORMANTONWF62AY,mastercard,1,19.23
123,2019-07,AVLUB-NORMANTONWF62AY,visadebit,1,50.0
124,2019-07,AVLUB-PHILLIPSTYRES,visadebit,1,40.0
125,2019-07,AVLUB-RHYDPENNAUGARAGE,visadebit,1,3.5
126,2019-07,AVLUB-TRANDSONS,mastercard,3,87.43
127,2019-07,AVLUB-TRANDSONS,visadebit,3,192.38
128,2019-07,AVLUB-VALLEYBD87DT,mastercard,24,443.40999999999997
129,2019-07,AVLUB-VALLEYBD87DT,visadebit,69,1925.2299999999998
130,2019-07,AVLUL-LONGVIEWSSTNHUYTON,visadebit,1,129.0
131,2019-07,AVLUS-AERONCOAST,visadebit,1,2.59
132,2019-07,AVLUS-AIS003FILLSTN,visadebit,2,36.7
133,2019-07,AVLUS-ARDHASAIGFILLINGST,mastercard,14,403.72
134,2019-07,AVLUS-ARDHASAIGFILLINGST,visadebit,34,1452.1199999999997
135,2019-07,AVLUS-ARLEENCOACHHIRESTJOHN,mastercard,2,39.019999999999996
136,2019-07,AVLUS-BARKWAYSSTN,visadebit,5,297.89
137,2019-07,AVLUS-BETTYHILLGENERALMER,mastercard,3,74.44
138,2019-07,AVLUS-BETTYHILLGENERALMER,visadebit,3,143.51000000000002
139,2019-07,AVLUS-BFLFILLINGST,mastercard,1,25.01
140,2019-07,AVLUS-BFLFILLINGST,visadebit,3,151.26999999999998
141,2019-07,AVLUS-CRHANSARDLTD,mastercard,1,20.0
142,2019-07,AVLUS-CRHANSARDLTD,visadebit,11,461.56000000000006
143,2019-07,AVLUS-CUMMINGSBODMIN,mastercard,3,116.38
144,2019-07,AVLUS-CUMMINGSBODMIN,visadebit,7,281.88
145,2019-07,AVLUS-DOUBLESGARAGE,mastercard,1,392.47
146,2019-07,AVLUS-DOUBLESGARAGE,visadebit,1,50.27
147,2019-07,AVLUS-EWPINCHBECKANDSONS,visadebit,1,41.0
148,2019-07,AVLUS-GRANTFIELDGARAGE,mastercard,6,95.83
149,2019-07,AVLUS-GRANTFIELDGARAGE,visadebit,6,55.2
150,2019-07,AVLUS-LOCKINGSSTNESSAR,mastercard,8,126.97999999999999
151,2019-07,AVLUS-LOCKINGSSTNESSAR,visadebit,17,480.44999999999993
152,2019-07,AVLUS-MILLGARAGEGARDEN,visadebit,1,60.05
153,2019-07,AVLUS-NAVIGATIONGARAGE,mastercard,1,165.7
154,2019-07,AVLUS-NORCOTTBROOKGARAGELTD,mastercard,1,74.1
155,2019-07,AVLUS-NORCOTTBROOKGARAGELTD,visadebit,1,36.2
156,2019-07,AVLUS-PARKERMOTORS,visadebit,4,188.15
157,2019-07,AVLUS-PILLERTONGARAGE,mastercard,1,59.82
158,2019-07,AVLUS-PILLERTONGARAGE,visadebit,4,231.67000000000002
159,2019-07,AVLUS-PRYSORSERVICESTN,mastercard,13,524.08
160,2019-07,AVLUS-PRYSORSERVICESTN,visadebit,43,2082.73
161,2019-07,AVLUS-ROBERTDAVIESMOTORS,mastercard,29,958.76
162,2019-07,AVLUS-ROBERTDAVIESMOTORS,visadebit,73,2958.59
163,2019-07,AVLUS-ROCKBEAREMOTORSERVICES,mastercard,2,73.0
164,2019-07,AVLUS-ROCKBEAREMOTORSERVICES,visadebit,8,962.6899999999999
165,2019-07,AVLUS-ROTHESAYMOTORSERVICES,visadebit,2,185.9
166,2019-07,AVLUS-SAMKINOFSAXMUNDHAM,mastercard,1,30.0
167,2019-07,AVLUS-SAMKINOFSAXMUNDHAM,visadebit,12,1573.3200000000002
168,2019-07,AVLUS-SEWALLCV23NP,mastercard,2,21.869999999999997
169,2019-07,AVLUS-SEWALLCV23NP,visadebit,20,316.76
170,2019-07,AVLUS-SMORRALLLANEFILLINGSTN,visadebit,1,10.0
171,2019-07,AVLUS-STARWV100AB,mastercard,1,6.49
172,2019-07,AVLUS-STARWV100AB,visadebit,2,22.37
173,2019-07,AVLUS-STONEHENGESSTN,mastercard,3,101.29
174,2019-07,AVLUS-STONEHENGESSTN,visadebit,2,40.81
175,2019-07,AVLUS-SUR-BAYBRODICKKA278AU,mastercard,1,25.08
176,2019-07,AVLUS-SUR-BAYBRODICKKA278AU,visadebit,1,69.31
177,2019-07,AVLUS-SUR-CANKLOWS602XG,mastercard,4,461.61999999999995
178,2019-07,AVLUS-SUR-CANKLOWS602XG,visadebit,2,154.17
179,2019-07,AVLUS-SUR-CENTRALGARLS236BH,mastercard,1,10.0
180,2019-07,AVLUS-SUR-JOHNSTOWNSA313HL,visadebit,2,142.5
181,2019-07,AVLUS-SUR-JSHOLMESPE134RQ,mastercard,3,104.0
182,2019-07,AVLUS-SUR-JSHOLMESPE134RQ,visadebit,12,513.3499999999999
183,2019-07,AVLUS-SUR-MOFFBA77PF,mastercard,9,351.97
184,2019-07,AVLUS-SUR-MOFFBA77PF,visadebit,25,1036.38
185,2019-07,AVLUS-SUR-MURCO247BD38DX,mastercard,5,47.25
186,2019-07,AVLUS-SUR-MURCO247BD38DX,visadebit,18,772.6999999999999
187,2019-07,AVLUS-SUR-ROBDMPSA431RG,mastercard,32,1204.6699999999998
188,2019-07,AVLUS-SUR-ROBDMPSA431RG,visadebit,83,3709.2599999999998
189,2019-07,AVLUS-SUR-ROSEHILLBB11JB,visadebit,1,10.0
190,2019-07,AVLUS-SUR-SSSSTNM389AW,mastercard,4,48.61
191,2019-07,AVLUS-SUR-SSSSTNM389AW,visadebit,14,230.43
192,2019-07,AVLUS-SUR-STANFORDSS170PF,mastercard,1,4.0
193,2019-07,AVLUS-SUR-SWANMK181AF,mastercard,2,117.0
194,2019-07,AVLUS-SUR-SWANMK181AF,visadebit,7,238.96
195,2019-07,AVLUS-SUR-ZOARTR126RJ,visadebit,1,40.6
196,2019-07,AVLUS-THEPOSTOFFICEARGY,mastercard,5,119.89
197,2019-07,AVLUS-THEPOSTOFFICEARGY,visadebit,13,691.2799999999999
198,2019-07,AVLUS-WILDINGMOTORS,mastercard,2,80.92
199,2019-07,AVLUS-WILDINGMOTORS,visadebit,2,85.01
200,2019-08,ADN-MRC-ASP-ABINGOX142RR,mastercard,59,767.5
201,2019-08,ADN-MRC-ASP-ABINGOX142RR,visadebit,472,5668.179999999996
202,2019-08,ADN-MRC-ASP-ACEFUELS,mastercard,20,612.2099999999999
203,2019-08,ADN-MRC-ASP-ACEFUELS,visadebit,147,3412.210000000001
204,2019-08,ADN-MRC-ASP-ACORNCB216BN,mastercard,37,1640.1699999999996
205,2019-08,ADN-MRC-ASP-ACORNCB216BN,visadebit,179,5179.740000000001
206,2019-08,ADN-MRC-ASP-ADJONESLL237UD,mastercard,4,187.97
207,2019-08,ADN-MRC-ASP-ADJONESLL237UD,visadebit,37,1676.8
208,2019-08,ADN-MRC-ASP-AGBWADESG189SN,mastercard,19,1026.5499999999997
209,2019-08,ADN-MRC-ASP-AGBWADESG189SN,visadebit,116,3705.5200000000013
210,2019-08,ADN-MRC-ASP-ALCESTERRDSERVSTN,mastercard,18,815.32
211,2019-08,ADN-MRC-ASP-ALCESTERRDSERVSTN,visadebit,165,4410.429999999999
212,2019-08,ADN-MRC-ASP-AMESBURYSSTN,mastercard,29,1005.2800000000001
213,2019-08,ADN-MRC-ASP-AMESBURYSSTN,visadebit,288,7285.829999999999
214,2019-08,ADN-MRC-ASP-ASHGROVESERVICES,mastercard,5,142.55
215,2019-08,ADN-MRC-ASP-ASHGROVESERVICES,visadebit,16,395.53
216,2019-08,ADN-MRC-ASP-BABCOCKINT,mastercard,28,204.67000000000002
217,2019-08,ADN-MRC-ASP-BABCOCKINT,visadebit,694,4369.849999999997
218,2019-08,ADN-MRC-ASP-BAINSFORDSTORE,mastercard,3,38.43
219,2019-08,ADN-MRC-ASP-BAINSFORDSTORE,visadebit,67,806.37
220,2019-08,ADN-MRC-ASP-BARRASFOREGY68EE,visadebit,33,718.6199999999998
221,2019-08,ADN-MRC-ASP-BEACONGARAGE,mastercard,57,2551.6200000000003
222,2019-08,ADN-MRC-ASP-BEACONGARAGE,visadebit,677,19405.920000000006
223,2019-08,ADN-MRC-ASP-BELLSHILLSSTN,mastercard,7,384.59
224,2019-08,ADN-MRC-ASP-BELLSHILLSSTN,visadebit,206,4241.710000000002
225,2019-08,ADN-MRC-ASP-BELROYALMOTORS,mastercard,1,15.0
226,2019-08,ADN-MRC-ASP-BELROYALMOTORS,visadebit,30,669.1399999999999
227,2019-08,ADN-MRC-ASP-BLAKENHAMIP60GT,mastercard,13,112.46000000000001
228,2019-08,ADN-MRC-ASP-BLAKENHAMIP60GT,visadebit,258,2060.8399999999997
229,2019-08,ADN-MRC-ASP-BOULEVARDFS,mastercard,6,133.22
230,2019-08,ADN-MRC-ASP-BOULEVARDFS,visadebit,140,2975.500000000002
231,2019-08,ADN-MRC-ASP-BRADBURYSSTN,mastercard,28,1164.37
232,2019-08,ADN-MRC-ASP-BRADBURYSSTN,visadebit,237,5049.039999999999
233,2019-08,ADN-MRC-ASP-BRAEFOOT,visadebit,63,691.1600000000002
234,2019-08,ADN-MRC-ASP-BRAEGARAGE,mastercard,26,1037.9
235,2019-08,ADN-MRC-ASP-BRAEGARAGE,visadebit,124,4100.24
236,2019-08,ADN-MRC-ASP-BRAYEROADGARAGE,mastercard,3,126.13000000000001
237,2019-08,ADN-MRC-ASP-BRAYEROADGARAGE,visadebit,53,1222.3999999999999
238,2019-08,ADN-MRC-ASP-BRIDGEENDGARAGE,mastercard,3,110.88000000000001
239,2019-08,ADN-MRC-ASP-BRIDGEENDGARAGE,visadebit,211,4169.649999999997
240,2019-08,ADN-MRC-ASP-BRIDGESTORES,mastercard,26,274.04
241,2019-08,ADN-MRC-ASP-BRIDGESTORES,visadebit,325,3417.049999999999
242,2019-08,ADN-MRC-ASP-BRIDGEWATERSELFSERV,mastercard,10,268.82000000000005
243,2019-08,ADN-MRC-ASP-BRIDGEWATERSELFSERV,visadebit,90,1660.8499999999997
244,2019-08,ADN-MRC-ASP-BRITTONSTLE30AB,mastercard,7,43.2
245,2019-08,ADN-MRC-ASP-BRITTONSTLE30AB,visadebit,154,1178.1400000000006
246,2019-08,ADN-MRC-ASP-BUDGENSAYLESBURY,mastercard,17,210.23000000000002
247,2019-08,ADN-MRC-ASP-BUDGENSAYLESBURY,visadebit,446,4541.879999999994
248,2019-08,ADN-MRC-ASP-BUDGENSBILBROOK,mastercard,3,45.64
249,2019-08,ADN-MRC-ASP-BUDGENSBILBROOK,visadebit,150,1611.9300000000003
250,2019-08,ADN-MRC-ASP-BUDGENSCHISWICK,mastercard,27,289.29999999999995
251,2019-08,ADN-MRC-ASP-BUDGENSCHISWICK,visadebit,237,2343.2099999999996
252,2019-08,ADN-MRC-ASP-BUDGENSCOLNBROOK,mastercard,8,82.45
253,2019-08,ADN-MRC-ASP-BUDGENSCOLNBROOK,visadebit,338,2877.84
254,2019-08,ADN-MRC-ASP-BUDGENSEASONGWOLD,mastercard,9,118.33000000000001
255,2019-08,ADN-MRC-ASP-BUDGENSEASONGWOLD,visadebit,208,2083.05
256,2019-08,ADN-MRC-ASP-BUDGENSEASTHORSLEY,mastercard,67,739.56
257,2019-08,ADN-MRC-ASP-BUDGENSEASTHORSLEY,visadebit,294,3050.0099999999975
258,2019-08,ADN-MRC-ASP-BUDGENSELMSTEAD,mastercard,25,291.88999999999993
259,2019-08,ADN-MRC-ASP-BUDGENSELMSTEAD,visadebit,367,3504.119999999998
260,2019-08,ADN-MRC-ASP-BUDGENSNEWBURY,mastercard,32,389.33000000000004
261,2019-08,ADN-MRC-ASP-BUDGENSNEWBURY,visadebit,249,2707.909999999998
262,2019-08,ADN-MRC-ASP-BUDGENSOFCOLCHESTER,mastercard,15,181.49
263,2019-08,ADN-MRC-ASP-BUDGENSOFCOLCHESTER,visadebit,261,2404.3799999999983
264,2019-08,ADN-MRC-ASP-BUDGENSOFINGATESTONE,mastercard,30,413.10999999999996
265,2019-08,ADN-MRC-ASP-BUDGENSOFINGATESTONE,visadebit,252,3197.52
266,2019-08,ADN-MRC-ASP-BUDGENSPARTON,mastercard,7,60.370000000000005
267,2019-08,ADN-MRC-ASP-BUDGENSPARTON,visadebit,148,1113.7800000000004
268,2019-08,ADN-MRC-ASP-BUDGENSRADLETT,mastercard,38,300.12
269,2019-08,ADN-MRC-ASP-BUDGENSRADLETT,visadebit,187,1591.6400000000003
270,2019-08,ADN-MRC-ASP-BUDGENSRUISLIP,mastercard,23,137.13000000000002
271,2019-08,ADN-MRC-ASP-BUDGENSRUISLIP,visadebit,238,1746.0200000000004
272,2019-08,ADN-MRC-ASP-BUDGENSSTREATHEM,mastercard,30,321.1700000000001
273,2019-08,ADN-MRC-ASP-BUDGENSSTREATHEM,visadebit,338,3130.6899999999987
274,2019-08,ADN-MRC-ASP-BUDGENSSTRENSALL,mastercard,12,142.89
275,2019-08,ADN-MRC-ASP-BUDGENSSTRENSALL,visadebit,161,1763.2999999999993
276,2019-08,ADN-MRC-ASP-BUDGENSSUPERMARKET,mastercard,25,228.65000000000003
277,2019-08,ADN-MRC-ASP-BUDGENSSUPERMARKET,visadebit,366,2794.3
278,2019-08,ADN-MRC-ASP-BUDGENSSWANAGE,mastercard,151,1927.3700000000001
279,2019-08,ADN-MRC-ASP-BUDGENSSWANAGE,visadebit,845,11124.659999999982
280,2019-08,ADN-MRC-ASP-BUDGENSWENTWORTH,mastercard,50,504.76
281,2019-08,ADN-MRC-ASP-BUDGENSWENTWORTH,visadebit,342,3294.390000000002
282,2019-08,ADN-MRC-ASP-BUDGENSWHITECHAPEL,mastercard,10,66.94000000000001
283,2019-08,ADN-MRC-ASP-BUDGENSWHITECHAPEL,visadebit,201,1550.9699999999996
284,2019-08,ADN-MRC-ASP-BUDWATWD187QR,mastercard,11,81.07
285,2019-08,ADN-MRC-ASP-BUDWATWD187QR,visadebit,158,1479.5199999999998
286,2019-08,ADN-MRC-ASP-BURNRDSERVSTN,mastercard,5,180.32999999999998
287,2019-08,ADN-MRC-ASP-BURNRDSERVSTN,visadebit,185,2561.09
288,2019-08,ADN-MRC-ASP-CALLYSERVICESSTN,mastercard,10,386.92
289,2019-08,ADN-MRC-ASP-CALLYSERVICESSTN,visadebit,130,2653.33
290,2019-08,ADN-MRC-ASP-CAMPBELLSSERVSTN,mastercard,11,238.85
291,2019-08,ADN-MRC-ASP-CAMPBELLSSERVSTN,visadebit,201,3684.6099999999983
292,2019-08,ADN-MRC-ASP-CARCOLSTONFS,mastercard,21,805.3800000000002
293,2019-08,ADN-MRC-ASP-CARCOLSTONFS,visadebit,89,2583.67
294,2019-08,ADN-MRC-ASP-CARMELROADSSTN,mastercard,13,466.17999999999995
295,2019-08,ADN-MRC-ASP-CARMELROADSSTN,visadebit,81,1989.82
296,2019-08,ADN-MRC-ASP-CCSTMARYS24BD,mastercard,4,21.02
297,2019-08,ADN-MRC-ASP-CCSTMARYS24BD,visadebit,62,324.68
298,2019-08,ADN-MRC-ASP-CFOKA13LS,mastercard,8,369.63
299,2019-08,ADN-MRC-ASP-CFOKA13LS,visadebit,124,3719.2400000000007
300,2019-08,ADN-MRC-ASP-CHADDESLEYGARAGE,mastercard,105,4426.740000000001
301,2019-08,ADN-MRC-ASP-CHADDESLEYGARAGE,visadebit,458,14053.060000000009
302,2019-08,ADN-MRC-ASP-CHALVEYSUPERMARKET,mastercard,28,433.61000000000007
303,2019-08,ADN-MRC-ASP-CHALVEYSUPERMARKET,visadebit,318,5662.139999999996
304,2019-08,ADN-MRC-ASP-CHIGWELLIG75NT,mastercard,11,108.36999999999999
305,2019-08,ADN-MRC-ASP-CHIGWELLIG75NT,visadebit,135,1678.3500000000004
306,2019-08,ADN-MRC-ASP-CIRCLESTORE,mastercard,30,267.06
307,2019-08,ADN-MRC-ASP-CIRCLESTORE,visadebit,154,1447.1200000000006
308,2019-08,ADN-MRC-ASP-CLEMENTSSUPER,visadebit,86,1066.1699999999996
309,2019-08,ADN-MRC-ASP-COBOSSTN,mastercard,4,26.660000000000004
310,2019-08,ADN-MRC-ASP-COBOSSTN,visadebit,100,1442.4099999999994
311,2019-08,ADN-MRC-ASP-COLTSGARAGELTD,mastercard,19,818.9700000000001
312,2019-08,ADN-MRC-ASP-COLTSGARAGELTD,visadebit,106,3281.120000000001
313,2019-08,ADN-MRC-ASP-CONNECTFUEL,mastercard,22,823.27
314,2019-08,ADN-MRC-ASP-CONNECTFUEL,visadebit,123,4541.150000000004
315,2019-08,ADN-MRC-ASP-CONTINFILLINGSTATION,mastercard,19,845.77
316,2019-08,ADN-MRC-ASP-CONTINFILLINGSTATION,visadebit,101,3069.1600000000003
317,2019-08,ADN-MRC-ASP-COOPERBROSLTD,mastercard,11,851.24
318,2019-08,ADN-MRC-ASP-COOPERBROSLTD,visadebit,156,4105.72
319,2019-08,ADN-MRC-ASP-CRAIGELLACHIEFILLSTN,mastercard,14,363.5700000000001
320,2019-08,ADN-MRC-ASP-CRAIGELLACHIEFILLSTN,visadebit,120,2661.0699999999993
321,2019-08,ADN-MRC-ASP-CREASEYSGARGE,mastercard,9,468.97999999999996
322,2019-08,ADN-MRC-ASP-CREASEYSGARGE,visadebit,35,1174.0400000000002
323,2019-08,ADN-MRC-ASP-CROSSHOUSES,mastercard,7,142.52
324,2019-08,ADN-MRC-ASP-CROSSHOUSES,visadebit,124,1930.8499999999997
325,2019-08,ADN-MRC-ASP-DENABYSSTN,mastercard,25,1056.72
326,2019-08,ADN-MRC-ASP-DENABYSSTN,visadebit,292,7343.55
327,2019-08,ADN-MRC-ASP-DIKEANDSON,mastercard,63,1799.41
328,2019-08,ADN-MRC-ASP-DIKEANDSON,visadebit,592,11619.440000000008
329,2019-08,ADN-MRC-ASP-DRUMOFWARTLE,mastercard,7,508.32
330,2019-08,ADN-MRC-ASP-DRUMOFWARTLE,visadebit,118,2306.1799999999994
331,2019-08,ADN-MRC-ASP-DUDLEYROADSSTN,mastercard,11,275.18
332,2019-08,ADN-MRC-ASP-DUDLEYROADSSTN,visadebit,197,4272.5099999999975
333,2019-08,ADN-MRC-ASP-DUMBARTONSSTN,mastercard,11,874.77
334,2019-08,ADN-MRC-ASP-DUMBARTONSSTN,visadebit,175,3555.290000000002
335,2019-08,ADN-MRC-ASP-EASTFIELDSERVSTN,mastercard,6,121.13999999999999
336,2019-08,ADN-MRC-ASP-EASTFIELDSERVSTN,visadebit,150,2411.2699999999986
337,2019-08,ADN-MRC-ASP-EASTGRINSTEADRH191QJ,mastercard,47,1886.4599999999998
338,2019-08,ADN-MRC-ASP-EASTGRINSTEADRH191QJ,visadebit,196,6272.500000000002
339,2019-08,ADN-MRC-ASP-ECSNG348PS,mastercard,18,703.01
340,2019-08,ADN-MRC-ASP-ECSNG348PS,visadebit,250,5594.559999999997
341,2019-08,ADN-MRC-ASP-ECTONBROOKLTD,mastercard,3,24.28
342,2019-08,ADN-MRC-ASP-ECTONBROOKLTD,visadebit,86,1041.3400000000001
343,2019-08,ADN-MRC-ASP-EMMERRG48XU,mastercard,62,859.1200000000002
344,2019-08,ADN-MRC-ASP-EMMERRG48XU,visadebit,422,4706.16
345,2019-08,ADN-MRC-ASP-EQUICRAFTBS483LH,mastercard,1,277.91
346,2019-08,ADN-MRC-ASP-EQUICRAFTBS483LH,visadebit,9,316.19
347,2019-08,ADN-MRC-ASP-FAIRGREENWEST,mastercard,4,18.400000000000002
348,2019-08,ADN-MRC-ASP-FAIRGREENWEST,visadebit,61,405.89
349,2019-08,ADN-MRC-ASP-FALLESAIRPORT,mastercard,15,560.4000000000001
350,2019-08,ADN-MRC-ASP-FALLESAIRPORT,visadebit,205,3452.5200000000004
351,2019-08,ADN-MRC-ASP-FALLESRDGARAGE,mastercard,23,715.7600000000001
352,2019-08,ADN-MRC-ASP-FALLESRDGARAGE,visadebit,251,5330.980000000001
353,2019-08,ADN-MRC-ASP-FELTHAMTW134HT,mastercard,5,47.96000000000001
354,2019-08,ADN-MRC-ASP-FELTHAMTW134HT,visadebit,146,1671.85
355,2019-08,ADN-MRC-ASP-FENCEHOUSESSSTN,mastercard,9,280.26
356,2019-08,ADN-MRC-ASP-FENCEHOUSESSSTN,visadebit,140,3134.900000000003
357,2019-08,ADN-MRC-ASP-FENDERPOSTOFFICE,mastercard,2,19.98
358,2019-08,ADN-MRC-ASP-FENDERPOSTOFFICE,visadebit,77,840.08
359,2019-08,ADN-MRC-ASP-FIRTREEFILLINGSTN,mastercard,16,731.76
360,2019-08,ADN-MRC-ASP-FIRTREEFILLINGSTN,visadebit,131,3691.7699999999995
361,2019-08,ADN-MRC-ASP-FLOWERBOWLGARAGE,mastercard,24,1010.1800000000001
362,2019-08,ADN-MRC-ASP-FLOWERBOWLGARAGE,visadebit,140,3134.9399999999987
363,2019-08,ADN-MRC-ASP-GAREJCLYNNOG,mastercard,6,163.32999999999998
364,2019-08,ADN-MRC-ASP-GAREJCLYNNOG,visadebit,92,2295.269999999999
365,2019-08,ADN-MRC-ASP-GARSTONWAYSTN,mastercard,7,257.78999999999996
366,2019-08,ADN-MRC-ASP-GARSTONWAYSTN,visadebit,128,2748.070000000001
367,2019-08,ADN-MRC-ASP-GLEANERGASCNTRE,mastercard,16,458.86
368,2019-08,ADN-MRC-ASP-GLEANERGASCNTRE,visadebit,320,7447.32000000001
369,2019-08,ADN-MRC-ASP-GLR-BRAEMARAB355YQ,mastercard,16,596.0
370,2019-08,ADN-MRC-ASP-GLR-BRAEMARAB355YQ,visadebit,32,817.53
371,2019-08,ADN-MRC-ASP-GLR-FIDDES,mastercard,15,585.63
372,2019-08,ADN-MRC-ASP-GLR-FIDDES,visadebit,74,2005.9500000000007
373,2019-08,ADN-MRC-ASP-GLR-INVERGARRY,mastercard,34,1465.09
374,2019-08,ADN-MRC-ASP-GLR-INVERGARRY,visadebit,81,1887.9400000000003
375,2019-08,ADN-MRC-ASP-GLR-ONICH,mastercard,46,2372.750000000001
376,2019-08,ADN-MRC-ASP-GLR-ONICH,visadebit,100,3149.8699999999994
377,2019-08,ADN-MRC-ASP-GLR-WALKERS,mastercard,9,283.33
378,2019-08,ADN-MRC-ASP-GLR-WALKERS,visadebit,88,1878.0799999999995
379,2019-08,ADN-MRC-ASP-GRAVELLESBUDGENSSAW,mastercard,68,865.0099999999999
380,2019-08,ADN-MRC-ASP-GRAVELLESBUDGENSSAW,visadebit,624,7758.900000000003
381,2019-08,ADN-MRC-ASP-GRIFFITHS,mastercard,21,656.4799999999999
382,2019-08,ADN-MRC-ASP-GRIFFITHS,visadebit,206,4788.290000000004
383,2019-08,ADN-MRC-ASP-GWILBACHLTD,mastercard,17,718.1099999999999
384,2019-08,ADN-MRC-ASP-GWILBACHLTD,visadebit,91,2495.66
385,2019-08,ADN-MRC-ASP-HARBOURNETQ97SY,mastercard,30,1229.8499999999997
386,2019-08,ADN-MRC-ASP-HARBOURNETQ97SY,visadebit,238,6003.11
387,2019-08,ADN-MRC-ASP-HOFFANTSTORES,mastercard,38,1055.23
388,2019-08,ADN-MRC-ASP-HOFFANTSTORES,visadebit,376,7939.329999999994
389,2019-08,ADN-MRC-ASP-HOMEJAMES,mastercard,3,117.30000000000001
390,2019-08,ADN-MRC-ASP-HOMEJAMES,visadebit,29,658.2800000000001
391,2019-08,ADN-MRC-ASP-ILFRACOMBESSTN,mastercard,21,748.5799999999999
392,2019-08,ADN-MRC-ASP-ILFRACOMBESSTN,visadebit,194,5129.149999999999
393,2019-08,ADN-MRC-ASP-INVERINATEIV408HB,mastercard,48,2065.2400000000002
394,2019-08,ADN-MRC-ASP-INVERINATEIV408HB,visadebit,74,2048.8699999999994
395,2019-08,ADN-MRC-ASP-JAYSBUDGENS,mastercard,13,260.85
396,2019-08,ADN-MRC-ASP-JAYSBUDGENS,visadebit,277,3069.9199999999987
397,2019-08,ADN-MRC-ASP-JKLEWISANDSON,mastercard,5,128.29999999999998
398,2019-08,ADN-MRC-ASP-JKLEWISANDSON,visadebit,134,1963.4100000000003
399,2019-08,ADN-MRC-ASP-JMCSERVICES,mastercard,3,26.939999999999998
400,2019-08,ADN-MRC-ASP-JMCSERVICES,visadebit,87,792.2999999999996
401,2019-08,ADN-MRC-ASP-JOHNHASTIE,mastercard,17,731.6399999999999
402,2019-08,ADN-MRC-ASP-JOHNHASTIE,visadebit,171,3361.4300000000007
403,2019-08,ADN-MRC-ASP-KALMAFOODS,mastercard,11,175.85999999999999
404,2019-08,ADN-MRC-ASP-KALMAFOODS,visadebit,70,1184.3400000000004
405,2019-08,ADN-MRC-ASP-KBSTHRAPSTONNN144PB,mastercard,23,1015.45
406,2019-08,ADN-MRC-ASP-KBSTHRAPSTONNN144PB,visadebit,245,4588.829999999999
407,2019-08,ADN-MRC-ASP-KENWORTHLTD,mastercard,38,1621.3800000000003
408,2019-08,ADN-MRC-ASP-KENWORTHLTD,visadebit,517,12159.490000000018
409,2019-08,ADN-MRC-ASP-KESSINGLANDSSTN,mastercard,18,462.91
410,2019-08,ADN-MRC-ASP-KESSINGLANDSSTN,visadebit,171,3134.0599999999986
411,2019-08,ADN-MRC-ASP-KHINDASBUDGENS,mastercard,13,124.17000000000002
412,2019-08,ADN-MRC-ASP-KHINDASBUDGENS,visadebit,233,2438.1499999999996
413,2019-08,ADN-MRC-ASP-KILNPARKSERVICESTN,mastercard,30,1349.83
414,2019-08,ADN-MRC-ASP-KILNPARKSERVICESTN,visadebit,283,6937.8600000000015
415,2019-08,ADN-MRC-ASP-LICHST13EB,mastercard,1,30.01
416,2019-08,ADN-MRC-ASP-LICHST13EB,visadebit,35,616.7699999999999
417,2019-08,ADN-MRC-ASP-LINSELLSTORES,mastercard,23,211.77
418,2019-08,ADN-MRC-ASP-LINSELLSTORES,visadebit,209,1756.1400000000012
419,2019-08,ADN-MRC-ASP-LISCARDSTOPSHOP,mastercard,2,54.2
420,2019-08,ADN-MRC-ASP-LISCARDSTOPSHOP,visadebit,13,169.29
421,2019-08,ADN-MRC-ASP-LOCHBROOMFILLING,mastercard,67,2624.9700000000003
422,2019-08,ADN-MRC-ASP-LOCHBROOMFILLING,visadebit,241,7261.350000000002
423,2019-08,ADN-MRC-ASP-LOCHSSERVICES,mastercard,11,392.7
424,2019-08,ADN-MRC-ASP-LOCHSSERVICES,visadebit,186,4021.5399999999995
425,2019-08,ADN-MRC-ASP-LONDISBETHESDA,mastercard,12,123.34
426,2019-08,ADN-MRC-ASP-LONDISBETHESDA,visadebit,293,3637.9899999999993
427,2019-08,ADN-MRC-ASP-LONDISDUNCANTURNER,mastercard,3,27.03
428,2019-08,ADN-MRC-ASP-LONDISDUNCANTURNER,visadebit,145,923.4899999999998
429,2019-08,ADN-MRC-ASP-LONDISHOOKRG279DY,mastercard,5,56.13
430,2019-08,ADN-MRC-ASP-LONDISHOOKRG279DY,visadebit,116,1235.4200000000005
431,2019-08,ADN-MRC-ASP-LONDISSURBITON,mastercard,4,46.61
432,2019-08,ADN-MRC-ASP-LONDISSURBITON,visadebit,51,569.5100000000001
433,2019-08,ADN-MRC-ASP-LUSSVILLAGESHOPLTD,mastercard,24,232.16999999999996
434,2019-08,ADN-MRC-ASP-LUSSVILLAGESHOPLTD,visadebit,79,794.3900000000001
435,2019-08,ADN-MRC-ASP-LUXMYPE159PZ,mastercard,12,365.28000000000003
436,2019-08,ADN-MRC-ASP-LUXMYPE159PZ,visadebit,134,2853.6599999999994
437,2019-08,ADN-MRC-ASP-MAGDALENEX24TA,mastercard,18,129.96
438,2019-08,ADN-MRC-ASP-MAGDALENEX24TA,visadebit,277,2264.6200000000003
439,2019-08,ADN-MRC-ASP-MANCHESTERSOUVENIRS,mastercard,21,244.22000000000003
440,2019-08,ADN-MRC-ASP-MANCHESTERSOUVENIRS,visadebit,105,867.8300000000003
441,2019-08,ADN-MRC-ASP-MANORFILLINGSTN,mastercard,31,1043.5
442,2019-08,ADN-MRC-ASP-MANORFILLINGSTN,visadebit,417,10069.429999999997
443,2019-08,ADN-MRC-ASP-MBCMOTORS,mastercard,4,421.89
444,2019-08,ADN-MRC-ASP-MBCMOTORS,visadebit,47,1301.3200000000004
445,2019-08,ADN-MRC-ASP-MILANOSTORES,mastercard,17,164.72000000000003
446,2019-08,ADN-MRC-ASP-MILANOSTORES,visadebit,227,1500.62
447,2019-08,ADN-MRC-ASP-MILLSFILLINGSTN,mastercard,64,2975.12
448,2019-08,ADN-MRC-ASP-MILLSFILLINGSTN,visadebit,332,12546.11000000001
449,2019-08,ADN-MRC-ASP-MODURDYDOLYDD,mastercard,5,119.16
450,2019-08,ADN-MRC-ASP-MODURDYDOLYDD,visadebit,102,2808.11
451,2019-08,ADN-MRC-ASP-MOSTYNBROADWAY,mastercard,20,642.07
452,2019-08,ADN-MRC-ASP-MOSTYNBROADWAY,visadebit,227,4867.05
453,2019-08,ADN-MRC-ASP-NEMOTORSLTD,mastercard,8,194.32
454,2019-08,ADN-MRC-ASP-NEMOTORSLTD,visadebit,66,1649.9700000000003
455,2019-08,ADN-MRC-ASP-NEWCROSSSSTN,mastercard,41,1960.02
456,2019-08,ADN-MRC-ASP-NEWCROSSSSTN,visadebit,357,6245.649999999997
457,2019-08,ADN-MRC-ASP-NEWKWIKIMARTPO63DY,mastercard,6,73.66999999999999
458,2019-08,ADN-MRC-ASP-NEWKWIKIMARTPO63DY,visadebit,51,938.8099999999998
459,2019-08,ADN-MRC-ASP-NISAHAWTONROAD,visadebit,21,263.08000000000004
460,2019-08,ADN-MRC-ASP-NIZAENTERPRISES,mastercard,42,324.4500000000001
461,2019-08,ADN-MRC-ASP-NIZAENTERPRISES,visadebit,401,2934.009999999998
462,2019-08,ADN-MRC-ASP-OBANFILLINGSTN,mastercard,34,1366.5599999999997
463,2019-08,ADN-MRC-ASP-OBANFILLINGSTN,visadebit,243,3695.0600000000004
464,2019-08,ADN-MRC-ASP-OLDBURYB650PS,mastercard,4,34.730000000000004
465,2019-08,ADN-MRC-ASP-OLDBURYB650PS,visadebit,182,1359.0500000000004
466,2019-08,ADN-MRC-ASP-PADDINGW21RH,mastercard,31,289.6000000000001
467,2019-08,ADN-MRC-ASP-PADDINGW21RH,visadebit,185,1237.3000000000004
468,2019-08,ADN-MRC-ASP-PADDOCKSTN,mastercard,48,1972.3900000000003
469,2019-08,ADN-MRC-ASP-PADDOCKSTN,visadebit,371,12312.480000000014
470,2019-08,ADN-MRC-ASP-PARKHEADSSTN,mastercard,11,475.89000000000004
471,2019-08,ADN-MRC-ASP-PARKHEADSSTN,visadebit,159,2736.4
472,2019-08,ADN-MRC-ASP-PENYBANCSSTN,mastercard,6,225.85
473,2019-08,ADN-MRC-ASP-PENYBANCSSTN,visadebit,114,2470.9199999999996
474,2019-08,ADN-MRC-ASP-PRICESUPERGU99QH,mastercard,4,15.92
475,2019-08,ADN-MRC-ASP-PRICESUPERGU99QH,visadebit,85,519.4499999999999
476,2019-08,ADN-MRC-ASP-PROBUSSCHOOLFILLSTN,mastercard,7,119.24999999999999
477,2019-08,ADN-MRC-ASP-PROBUSSCHOOLFILLSTN,visadebit,159,2786.3900000000003
478,2019-08,ADN-MRC-ASP-RATCLIFFECV91HY,mastercard,6,75.84
479,2019-08,ADN-MRC-ASP-RATCLIFFECV91HY,visadebit,60,986.28
480,2019-08,ADN-MRC-ASP-REDBRIDGEWATERFORD,mastercard,12,383.33000000000004
481,2019-08,ADN-MRC-ASP-REDBRIDGEWATERFORD,visadebit,278,5079.51
482,2019-08,ADN-MRC-ASP-REDTILESSSTN,mastercard,29,1037.92
483,2019-08,ADN-MRC-ASP-REDTILESSSTN,visadebit,373,8201.670000000011
484,2019-08,ADN-MRC-ASP-REDWORTHFILLINGSTN,mastercard,27,1069.94
485,2019-08,ADN-MRC-ASP-REDWORTHFILLINGSTN,visadebit,346,7748.880000000001
486,2019-08,ADN-MRC-ASP-RIDGEWAYSSTN,mastercard,16,586.3399999999999
487,2019-08,ADN-MRC-ASP-RIDGEWAYSSTN,visadebit,231,4863.650000000001
488,2019-08,ADN-MRC-ASP-RIVERSIDEGARAGE,mastercard,31,1468.5800000000002
489,2019-08,ADN-MRC-ASP-RIVERSIDEGARAGE,visadebit,319,6878.660000000003
490,2019-08,ADN-MRC-ASP-RIVERSIDESSTN,mastercard,28,1119.0900000000001
491,2019-08,ADN-MRC-ASP-RIVERSIDESSTN,visadebit,362,7190.58
492,2019-08,ADN-MRC-ASP-ROBALLSON,mastercard,8,182.62
493,2019-08,ADN-MRC-ASP-ROBALLSON,visadebit,133,1267.56
494,2019-08,ADN-MRC-ASP-ROBINSONSBUDGENS,mastercard,43,713.05
495,2019-08,ADN-MRC-ASP-ROBINSONSBUDGENS,visadebit,327,4611.619999999998
496,2019-08,ADN-MRC-ASP-RUPEYALSSTN,mastercard,6,109.44
497,2019-08,ADN-MRC-ASP-RUPEYALSSTN,visadebit,158,3146.030000000001
498,2019-08,ADN-MRC-ASP-SAFFRONSLTD,mastercard,16,482.24
499,2019-08,ADN-MRC-ASP-SAFFRONSLTD,visadebit,126,2786.5099999999993
500,2019-08,ADN-MRC-ASP-SAIRAMRM175NJ,mastercard,15,482.66999999999996
501,2019-08,ADN-MRC-ASP-SAIRAMRM175NJ,visadebit,162,3360.5800000000004
502,2019-08,ADN-MRC-ASP-SANDYROADSA154DW,mastercard,7,413.86
503,2019-08,ADN-MRC-ASP-SANDYROADSA154DW,visadebit,62,1185.5099999999998
504,2019-08,ADN-MRC-ASP-SCALLOWAYMEATCO,mastercard,21,350.93000000000006
505,2019-08,ADN-MRC-ASP-SCALLOWAYMEATCO,visadebit,189,2411.3599999999997
506,2019-08,ADN-MRC-ASP-SKIACHSERVS,mastercard,40,1735.1999999999996
507,2019-08,ADN-MRC-ASP-SKIACHSERVS,visadebit,320,7440.010000000001
508,2019-08,ADN-MRC-ASP-SPARBOLTONBL35HP,mastercard,2,17.96
509,2019-08,ADN-MRC-ASP-SPARBOLTONBL35HP,visadebit,80,1530.3799999999997
510,2019-08,ADN-MRC-ASP-SPARKHILLLTD,mastercard,23,483.4599999999999
511,2019-08,ADN-MRC-ASP-SPARKHILLLTD,visadebit,241,3979.9699999999984
512,2019-08,ADN-MRC-ASP-SPARRIBCHESTER,mastercard,5,45.11
513,2019-08,ADN-MRC-ASP-SPARRIBCHESTER,visadebit,82,807.3100000000001
514,2019-08,ADN-MRC-ASP-SPARWESTBAYSN,mastercard,26,356.7200000000001
515,2019-08,ADN-MRC-ASP-SPARWESTBAYSN,visadebit,217,2401.68
516,2019-08,ADN-MRC-ASP-SRIBALAJISSTN,mastercard,16,607.8499999999998
517,2019-08,ADN-MRC-ASP-SRIBALAJISSTN,visadebit,99,2801.89
518,2019-08,ADN-MRC-ASP-STANNESSSTN,mastercard,6,195.17
519,2019-08,ADN-MRC-ASP-STANNESSSTN,visadebit,64,1106.8000000000002
520,2019-08,ADN-MRC-ASP-STAUDRIESTA44DN,mastercard,8,263.03999999999996
521,2019-08,ADN-MRC-ASP-STAUDRIESTA44DN,visadebit,79,1693.2400000000007
522,2019-08,ADN-MRC-ASP-STEVENAGESG16NH,mastercard,45,425.62
523,2019-08,ADN-MRC-ASP-STEVENAGESG16NH,visadebit,667,6323.959999999988
524,2019-08,ADN-MRC-ASP-STONEHENGESSTN,mastercard,17,414.75
525,2019-08,ADN-MRC-ASP-STONEHENGESSTN,visadebit,122,3117.0299999999997
526,2019-08,ADN-MRC-ASP-STQUENSMOTOR,mastercard,16,321.65
527,2019-08,ADN-MRC-ASP-STQUENSMOTOR,visadebit,83,2272.870000000001
528,2019-08,ADN-MRC-ASP-STRATTONCONVENIENCE,mastercard,8,57.660000000000004
529,2019-08,ADN-MRC-ASP-STRATTONCONVENIENCE,visadebit,88,820.1700000000001
530,2019-08,ADN-MRC-ASP-SUNBURYTW165HS,mastercard,16,122.72999999999999
531,2019-08,ADN-MRC-ASP-SUNBURYTW165HS,visadebit,190,2140.900000000002
532,2019-08,ADN-MRC-ASP-SUNDONSSTN,mastercard,11,411.39
533,2019-08,ADN-MRC-ASP-SUNDONSSTN,visadebit,134,2866.5699999999983
534,2019-08,ADN-MRC-ASP-SUNSIDESSTN,visadebit,3,144.7
535,2019-08,ADN-MRC-ASP-SUR-4NORTHME38LL,mastercard,21,857.2099999999998
536,2019-08,ADN-MRC-ASP-SUR-4NORTHME38LL,visadebit,161,3296.520000000002
537,2019-08,ADN-MRC-ASP-SUR-4SOUTHME38LL,mastercard,36,1054.0900000000001
538,2019-08,ADN-MRC-ASP-SUR-4SOUTHME38LL,visadebit,398,8124.880000000002
539,2019-08,ADN-MRC-ASP-SUR-ABBOTSPA49AE,mastercard,41,1491.5699999999997
540,2019-08,ADN-MRC-ASP-SUR-ABBOTSPA49AE,visadebit,342,8201.980000000001
541,2019-08,ADN-MRC-ASP-SUR-ADDERNE707JU,mastercard,37,1419.63
542,2019-08,ADN-MRC-ASP-SUR-ADDERNE707JU,visadebit,236,5692.600000000004
543,2019-08,ADN-MRC-ASP-SUR-AEROIP256JB,mastercard,16,945.3599999999999
544,2019-08,ADN-MRC-ASP-SUR-AEROIP256JB,visadebit,305,6834.249999999998
545,2019-08,ADN-MRC-ASP-SUR-ARMADALEEH482PE,mastercard,8,215.38
546,2019-08,ADN-MRC-ASP-SUR-ARMADALEEH482PE,visadebit,125,2365.9600000000014
547,2019-08,ADN-MRC-ASP-SUR-AWDHAMIP198BU,mastercard,20,717.0399999999998
548,2019-08,ADN-MRC-ASP-SUR-AWDHAMIP198BU,visadebit,183,4394.119999999998
549,2019-08,ADN-MRC-ASP-SUR-BARTONSY147HT,mastercard,12,355.01
550,2019-08,ADN-MRC-ASP-SUR-BARTONSY147HT,visadebit,160,3172.8700000000013
551,2019-08,ADN-MRC-ASP-SUR-BEACONEX198PS,mastercard,4,204.30999999999997
552,2019-08,ADN-MRC-ASP-SUR-BEACONEX198PS,visadebit,45,945.5699999999999
553,2019-08,ADN-MRC-ASP-SUR-BEBNE244HN,mastercard,26,1138.79
554,2019-08,ADN-MRC-ASP-SUR-BEBNE244HN,visadebit,383,10137.49
555,2019-08,ADN-MRC-ASP-SUR-BEDNE225TZ,mastercard,24,781.9300000000001
556,2019-08,ADN-MRC-ASP-SUR-BEDNE225TZ,visadebit,341,8239.760000000006
557,2019-08,ADN-MRC-ASP-SUR-BELLINGERSOX12,mastercard,29,868.9899999999998
558,2019-08,ADN-MRC-ASP-SUR-BELLINGERSOX12,visadebit,418,9400.49000000001
559,2019-08,ADN-MRC-ASP-SUR-BLAIRPH106DQ,mastercard,29,1519.2399999999998
560,2019-08,ADN-MRC-ASP-SUR-BLAIRPH106DQ,visadebit,135,4299.89
561,2019-08,ADN-MRC-ASP-SUR-BONNYFK41AG,mastercard,10,393.26
562,2019-08,ADN-MRC-ASP-SUR-BONNYFK41AG,visadebit,202,4723.469999999999
563,2019-08,ADN-MRC-ASP-SUR-BOURNEBIP28LR,mastercard,54,2130.7099999999996
564,2019-08,ADN-MRC-ASP-SUR-BOURNEBIP28LR,visadebit,370,10642.709999999997
565,2019-08,ADN-MRC-ASP-SUR-BOWBURNDH65NE,mastercard,29,1160.9699999999998
566,2019-08,ADN-MRC-ASP-SUR-BOWBURNDH65NE,visadebit,308,7775.230000000002
567,2019-08,ADN-MRC-ASP-SUR-BREASTONDE723AF,mastercard,40,1663.8100000000004
568,2019-08,ADN-MRC-ASP-SUR-BREASTONDE723AF,visadebit,268,7077.699999999998
569,2019-08,ADN-MRC-ASP-SUR-BRENTFORDTW80DU,mastercard,20,465.34000000000003
570,2019-08,ADN-MRC-ASP-SUR-BRENTFORDTW80DU,visadebit,237,5173.05
571,2019-08,ADN-MRC-ASP-SUR-BRIDGENDKA182AB,mastercard,31,921.7099999999999
572,2019-08,ADN-MRC-ASP-SUR-BRIDGENDKA182AB,visadebit,328,8042.790000000007
573,2019-08,ADN-MRC-ASP-SUR-BRIERSSTNGL179DL,mastercard,9,283.02000000000004
574,2019-08,ADN-MRC-ASP-SUR-BRIERSSTNGL179DL,visadebit,166,3394.55
575,2019-08,ADN-MRC-ASP-SUR-BROADNR128SL,mastercard,69,2862.120000000001
576,2019-08,ADN-MRC-ASP-SUR-BROADNR128SL,visadebit,440,10654.229999999996
577,2019-08,ADN-MRC-ASP-SUR-BROOKSIDERG177DB,mastercard,30,801.1299999999998
578,2019-08,ADN-MRC-ASP-SUR-BROOKSIDERG177DB,visadebit,147,4535.380000000001
579,2019-08,ADN-MRC-ASP-SUR-BUCCANEERIV304LF,mastercard,13,363.95000000000005
580,2019-08,ADN-MRC-ASP-SUR-BUCCANEERIV304LF,visadebit,194,4062.44
581,2019-08,ADN-MRC-ASP-SUR-BURNKA14EL,mastercard,1,40.0
582,2019-08,ADN-MRC-ASP-SUR-BURNKA14EL,visadebit,116,1736.0300000000002
583,2019-08,ADN-MRC-ASP-SUR-BYPASSEH413PH,mastercard,54,2214.57
584,2019-08,ADN-MRC-ASP-SUR-BYPASSEH413PH,visadebit,362,10945.100000000008
585,2019-08,ADN-MRC-ASP-SUR-CENTCUMKA181BX,mastercard,6,214.37000000000003
586,2019-08,ADN-MRC-ASP-SUR-CENTCUMKA181BX,visadebit,171,3381.92
587,2019-08,ADN-MRC-ASP-SUR-CENTRALGARS755NN,mastercard,21,801.7299999999999
588,2019-08,ADN-MRC-ASP-SUR-CENTRALGARS755NN,visadebit,212,5152.1799999999985
589,2019-08,ADN-MRC-ASP-SUR-CHASEEN20QN,mastercard,16,432.06
590,2019-08,ADN-MRC-ASP-SUR-CHASEEN20QN,visadebit,150,3611.6000000000004
591,2019-08,ADN-MRC-ASP-SUR-CHEDDARBS273JE,mastercard,18,597.76
592,2019-08,ADN-MRC-ASP-SUR-CHEDDARBS273JE,visadebit,138,3451.070000000002
593,2019-08,ADN-MRC-ASP-SUR-CHESSINGKT91PL,mastercard,27,1013.95
594,2019-08,ADN-MRC-ASP-SUR-CHESSINGKT91PL,visadebit,221,5262.329999999999
595,2019-08,ADN-MRC-ASP-SUR-CHIDSWELLWF127QW,mastercard,10,325.8
596,2019-08,ADN-MRC-ASP-SUR-CHIDSWELLWF127QW,visadebit,209,4611.360000000004
597,2019-08,ADN-MRC-ASP-SUR-CHIVENOREX314BN,mastercard,11,271.85
598,2019-08,ADN-MRC-ASP-SUR-CHIVENOREX314BN,visadebit,175,2657.9100000000003
599,2019-08,ADN-MRC-ASP-SUR-CITYSSTNHR12BG,mastercard,26,896.3799999999999
600,2019-08,ADN-MRC-ASP-SUR-CITYSSTNHR12BG,visadebit,236,5146.089999999998
601,2019-08,ADN-MRC-ASP-SUR-CLIFFSR77AX,mastercard,21,912.79
602,2019-08,ADN-MRC-ASP-SUR-CLIFFSR77AX,visadebit,332,8948.910000000009
603,2019-08,ADN-MRC-ASP-SUR-COLTNR127DH,mastercard,36,1337.18
604,2019-08,ADN-MRC-ASP-SUR-COLTNR127DH,visadebit,219,6326.730000000002
605,2019-08,ADN-MRC-ASP-SUR-COPPINSCA70AE,mastercard,12,280.17
606,2019-08,ADN-MRC-ASP-SUR-COPPINSCA70AE,visadebit,137,3647.4700000000007
607,2019-08,ADN-MRC-ASP-SUR-CORBYNN172AE,mastercard,31,1093.9
608,2019-08,ADN-MRC-ASP-SUR-CORBYNN172AE,visadebit,413,8978.669999999996
609,2019-08,ADN-MRC-ASP-SUR-COTHOUSEPA238QT,mastercard,39,1643.77
610,2019-08,ADN-MRC-ASP-SUR-COTHOUSEPA238QT,visadebit,432,11019.079999999996
611,2019-08,ADN-MRC-ASP-SUR-COTNG123HQ,mastercard,26,1049.5400000000002
612,2019-08,ADN-MRC-ASP-SUR-COTNG123HQ,visadebit,186,5003.17
613,2019-08,ADN-MRC-ASP-SUR-CRANFORDB662RX,mastercard,8,158.22
614,2019-08,ADN-MRC-ASP-SUR-CRANFORDB662RX,visadebit,116,2150.5699999999993
615,2019-08,ADN-MRC-ASP-SUR-CRAVENNW109PX,mastercard,9,275.46999999999997
616,2019-08,ADN-MRC-ASP-SUR-CRAVENNW109PX,visadebit,232,3667.819999999997
617,2019-08,ADN-MRC-ASP-SUR-DARSHAMIP173PW,mastercard,65,2219.04
618,2019-08,ADN-MRC-ASP-SUR-DARSHAMIP173PW,visadebit,570,12320.340000000002
619,2019-08,ADN-MRC-ASP-SUR-DEANSHA89RZ,mastercard,62,2955.7899999999995
620,2019-08,ADN-MRC-ASP-SUR-DEANSHA89RZ,visadebit,321,9102.460000000005
621,2019-08,ADN-MRC-ASP-SUR-DENTONNE157DF,mastercard,18,470.9
622,2019-08,ADN-MRC-ASP-SUR-DENTONNE157DF,visadebit,320,6900.699999999998
623,2019-08,ADN-MRC-ASP-SUR-DOYLESGY11RD,mastercard,21,438.2
624,2019-08,ADN-MRC-ASP-SUR-DOYLESGY11RD,visadebit,449,5945.449999999995
625,2019-08,ADN-MRC-ASP-SUR-DURHAMDH32PF,mastercard,9,351.2
626,2019-08,ADN-MRC-ASP-SUR-DURHAMDH32PF,visadebit,172,3848.77
627,2019-08,ADN-MRC-ASP-SUR-EMSWORTHPO107JD,mastercard,77,3347.2800000000007
628,2019-08,ADN-MRC-ASP-SUR-EMSWORTHPO107JD,visadebit,353,10160.120000000004
629,2019-08,ADN-MRC-ASP-SUR-FORDINGSP61AP,mastercard,92,3321.3600000000015
630,2019-08,ADN-MRC-ASP-SUR-FORDINGSP61AP,visadebit,375,10863.340000000004
631,2019-08,ADN-MRC-ASP-SUR-FORFARDD49BT,mastercard,34,945.8199999999999
632,2019-08,ADN-MRC-ASP-SUR-FORFARDD49BT,visadebit,247,5532.340000000004
633,2019-08,ADN-MRC-ASP-SUR-FOURACESNE108YB,mastercard,23,1008.9699999999999
634,2019-08,ADN-MRC-ASP-SUR-FOURACESNE108YB,visadebit,266,5986.800000000001
635,2019-08,ADN-MRC-ASP-SUR-FOXCOVERSR33ND,mastercard,10,424.8
636,2019-08,ADN-MRC-ASP-SUR-FOXCOVERSR33ND,visadebit,181,4179.560000000003
637,2019-08,ADN-MRC-ASP-SUR-FROSTME13RL,mastercard,20,744.0899999999999
638,2019-08,ADN-MRC-ASP-SUR-FROSTME13RL,visadebit,165,4224.47
639,2019-08,ADN-MRC-ASP-SUR-GATEFORDS801UE,mastercard,14,992.08
640,2019-08,ADN-MRC-ASP-SUR-GATEFORDS801UE,visadebit,105,1810.9800000000005
641,2019-08,ADN-MRC-ASP-SUR-GLANUSKLD38PS,mastercard,18,665.0899999999999
642,2019-08,ADN-MRC-ASP-SUR-GLANUSKLD38PS,visadebit,306,4789.179999999996
643,2019-08,ADN-MRC-ASP-SUR-GLENDALENE716SN,mastercard,8,357.58
644,2019-08,ADN-MRC-ASP-SUR-GLENDALENE716SN,visadebit,62,1979.11
645,2019-08,ADN-MRC-ASP-SUR-GNICHOLNE372TD,mastercard,12,328.18
646,2019-08,ADN-MRC-ASP-SUR-GNICHOLNE372TD,visadebit,192,3931.1600000000035
647,2019-08,ADN-MRC-ASP-SUR-GREENBT490ND,mastercard,17,338.05999999999995
648,2019-08,ADN-MRC-ASP-SUR-GREENBT490ND,visadebit,220,3819.310000000001
649,2019-08,ADN-MRC-ASP-SUR-HASLINGBB46NT,mastercard,21,729.0899999999999
650,2019-08,ADN-MRC-ASP-SUR-HASLINGBB46NT,visadebit,159,3527.8499999999995
651,2019-08,ADN-MRC-ASP-SUR-HIGHCROSSSG111AZ,mastercard,32,1398.9999999999998
652,2019-08,ADN-MRC-ASP-SUR-HIGHCROSSSG111AZ,visadebit,270,7403.470000000003
653,2019-08,ADN-MRC-ASP-SUR-HIGHPOSTSP46AT,mastercard,31,1604.7599999999998
654,2019-08,ADN-MRC-ASP-SUR-HIGHPOSTSP46AT,visadebit,208,5109.510000000003
655,2019-08,ADN-MRC-ASP-SUR-HIGHSTPE218TJ,mastercard,4,116.15
656,2019-08,ADN-MRC-ASP-SUR-HIGHSTPE218TJ,visadebit,95,2151.9900000000002
657,2019-08,ADN-MRC-ASP-SUR-HKSBUNNYNG116QT,mastercard,37,1631.8300000000002
658,2019-08,ADN-MRC-ASP-SUR-HKSBUNNYNG116QT,visadebit,232,5717.369999999995
659,2019-08,ADN-MRC-ASP-SUR-HKSCALVNG146NW,mastercard,27,1205.6399999999996
660,2019-08,ADN-MRC-ASP-SUR-HKSCALVNG146NW,visadebit,156,4022.1
661,2019-08,ADN-MRC-ASP-SUR-HKSCOALLE673JA,mastercard,14,443.2300000000001
662,2019-08,ADN-MRC-ASP-SUR-HKSCOALLE673JA,visadebit,201,3845.220000000002
663,2019-08,ADN-MRC-ASP-SUR-HKSDINNS253QY,mastercard,28,1049.8999999999999
664,2019-08,ADN-MRC-ASP-SUR-HKSDINNS253QY,visadebit,386,8020.010000000006
665,2019-08,ADN-MRC-ASP-SUR-HKSEBRIDGNG138LA,mastercard,56,2411.4199999999996
666,2019-08,ADN-MRC-ASP-SUR-HKSEBRIDGNG138LA,visadebit,243,7290.11
667,2019-08,ADN-MRC-ASP-SUR-HKSGRANTNG318BZ,mastercard,31,1336.4299999999996
668,2019-08,ADN-MRC-ASP-SUR-HKSGRANTNG318BZ,visadebit,275,7148.64
669,2019-08,ADN-MRC-ASP-SUR-HKSHILLSBORS62DA,mastercard,15,470.57000000000005
670,2019-08,ADN-MRC-ASP-SUR-HKSHILLSBORS62DA,visadebit,213,4560.550000000002
671,2019-08,ADN-MRC-ASP-SUR-HKSKEIGHBD211BB,mastercard,30,978.64
672,2019-08,ADN-MRC-ASP-SUR-HKSKEIGHBD211BB,visadebit,365,7949.78
673,2019-08,ADN-MRC-ASP-SUR-HKSLITTLEDE236FQ,mastercard,40,1313.61
674,2019-08,ADN-MRC-ASP-SUR-HKSLITTLEDE236FQ,visadebit,403,10432.96000000001
675,2019-08,ADN-MRC-ASP-SUR-HKSNEWARKNG244EQ,mastercard,45,1891.6699999999998
676,2019-08,ADN-MRC-ASP-SUR-HKSNEWARKNG244EQ,visadebit,371,8650.490000000002
677,2019-08,ADN-MRC-ASP-SUR-HKSRAINNG210JX,mastercard,22,751.6500000000001
678,2019-08,ADN-MRC-ASP-SUR-HKSRAINNG210JX,visadebit,257,6093.400000000001
679,2019-08,ADN-MRC-ASP-SUR-HKSROYSTONS714NJ,mastercard,20,532.09
680,2019-08,ADN-MRC-ASP-SUR-HKSROYSTONS714NJ,visadebit,264,5811.580000000003
681,2019-08,ADN-MRC-ASP-SUR-HKSSKEGBYNG173DT,mastercard,13,437.64000000000004
682,2019-08,ADN-MRC-ASP-SUR-HKSSKEGBYNG173DT,visadebit,159,4045.14
683,2019-08,ADN-MRC-ASP-SUR-HKSSTRETDE556EW,mastercard,17,613.09
684,2019-08,ADN-MRC-ASP-SUR-HKSSTRETDE556EW,visadebit,164,3965.4200000000014
685,2019-08,ADN-MRC-ASP-SUR-HKSWADDINGLN59NJ,mastercard,23,877.7699999999999
686,2019-08,ADN-MRC-ASP-SUR-HKSWADDINGLN59NJ,visadebit,239,6748.1100000000015
687,2019-08,ADN-MRC-ASP-SUR-HKSWOODHS139WF,mastercard,31,1129.32
688,2019-08,ADN-MRC-ASP-SUR-HKSWOODHS139WF,visadebit,243,5240.850000000002
689,2019-08,ADN-MRC-ASP-SUR-HOLYNE270DA,mastercard,12,284.69
690,2019-08,ADN-MRC-ASP-SUR-HOLYNE270DA,visadebit,123,2647.2099999999996
691,2019-08,ADN-MRC-ASP-SUR-HORBURYWF45PT,mastercard,25,988.81
692,2019-08,ADN-MRC-ASP-SUR-HORBURYWF45PT,visadebit,264,5312.23
693,2019-08,ADN-MRC-ASP-SUR-HOUGHTONLE79HJ,mastercard,35,1356.04
694,2019-08,ADN-MRC-ASP-SUR-HOUGHTONLE79HJ,visadebit,157,3794.9200000000014
695,2019-08,ADN-MRC-ASP-SUR-HOYLANDS740ET,mastercard,20,852.0699999999998
696,2019-08,ADN-MRC-ASP-SUR-HOYLANDS740ET,visadebit,245,6315.6200000000035
697,2019-08,ADN-MRC-ASP-SUR-INTAKE10DN33AE,mastercard,25,736.09
698,2019-08,ADN-MRC-ASP-SUR-INTAKE10DN33AE,visadebit,299,7038.890000000004
699,2019-08,ADN-MRC-ASP-SUR-INTAKE11S361DQ,mastercard,25,934.7099999999999
700,2019-08,ADN-MRC-ASP-SUR-INTAKE11S361DQ,visadebit,202,5546.250000000001
701,2019-08,ADN-MRC-ASP-SUR-INTAKE1S752DZ,mastercard,31,1052.4700000000003
702,2019-08,ADN-MRC-ASP-SUR-INTAKE1S752DZ,visadebit,338,8943.530000000012
703,2019-08,ADN-MRC-ASP-SUR-INTAKE2S712DD,mastercard,15,484.63
704,2019-08,ADN-MRC-ASP-SUR-INTAKE2S712DD,visadebit,177,3508.5600000000013
705,2019-08,ADN-MRC-ASP-SUR-INTAKE3S701YB,mastercard,18,665.6099999999999
706,2019-08,ADN-MRC-ASP-SUR-INTAKE3S701YB,visadebit,270,4895.4
707,2019-08,ADN-MRC-ASP-SUR-INTAKE4S640HL,mastercard,18,484.78999999999996
708,2019-08,ADN-MRC-ASP-SUR-INTAKE4S640HL,visadebit,252,4885.9400000000005
709,2019-08,ADN-MRC-ASP-SUR-INTAKE5S712PA,mastercard,32,1148.78
710,2019-08,ADN-MRC-ASP-SUR-INTAKE5S712PA,visadebit,366,8425.29000000001
711,2019-08,ADN-MRC-ASP-SUR-INTAKE6S636DQ,mastercard,14,424.08000000000004
712,2019-08,ADN-MRC-ASP-SUR-INTAKE6S636DQ,visadebit,196,3613.9799999999987
713,2019-08,ADN-MRC-ASP-SUR-INTAKE7S649HD,mastercard,16,408.88
714,2019-08,ADN-MRC-ASP-SUR-INTAKE7S649HD,visadebit,211,3653.099999999998
715,2019-08,ADN-MRC-ASP-SUR-INTAKE9S188YN,mastercard,27,934.12
716,2019-08,ADN-MRC-ASP-SUR-INTAKE9S188YN,visadebit,176,4477.189999999999
717,2019-08,ADN-MRC-ASP-SUR-JAMESSTCA25AP,mastercard,4,147.3
718,2019-08,ADN-MRC-ASP-SUR-JAMESSTCA25AP,visadebit,97,1669.9699999999991
719,2019-08,ADN-MRC-ASP-SUR-JKLEWISSA667XB,mastercard,17,458.58000000000004
720,2019-08,ADN-MRC-ASP-SUR-JKLEWISSA667XB,visadebit,170,3854.959999999999
721,2019-08,ADN-MRC-ASP-SUR-KIRKML119RE,mastercard,11,327.4
722,2019-08,ADN-MRC-ASP-SUR-KIRKML119RE,visadebit,202,3913.4500000000003
723,2019-08,ADN-MRC-ASP-SUR-LAWFORDCO112EH,mastercard,46,1784.68
724,2019-08,ADN-MRC-ASP-SUR-LAWFORDCO112EH,visadebit,341,9004.44
725,2019-08,ADN-MRC-ASP-SUR-LETCHSG64AD,mastercard,13,368.91999999999996
726,2019-08,ADN-MRC-ASP-SUR-LETCHSG64AD,visadebit,139,3252.9400000000005
727,2019-08,ADN-MRC-ASP-SUR-LICHFIELDST13EB,mastercard,1,15.09
728,2019-08,ADN-MRC-ASP-SUR-LICHFIELDST13EB,visadebit,11,161.13
729,2019-08,ADN-MRC-ASP-SUR-MARSKETS116HF,mastercard,29,978.3499999999999
730,2019-08,ADN-MRC-ASP-SUR-MARSKETS116HF,visadebit,281,6096.380000000003
731,2019-08,ADN-MRC-ASP-SUR-MAYBOLEKA197AQ,mastercard,26,691.44
732,2019-08,ADN-MRC-ASP-SUR-MAYBOLEKA197AQ,visadebit,299,6939.419999999998
733,2019-08,ADN-MRC-ASP-SUR-MAYFIG39RY,mastercard,4,36.45
734,2019-08,ADN-MRC-ASP-SUR-MAYFIG39RY,visadebit,40,349.73999999999995
735,2019-08,ADN-MRC-ASP-SUR-MEADOWDH78ND,mastercard,14,440.40999999999997
736,2019-08,ADN-MRC-ASP-SUR-MEADOWDH78ND,visadebit,276,6234.220000000001
737,2019-08,ADN-MRC-ASP-SUR-MENSFK117BX,mastercard,22,890.4299999999997
738,2019-08,ADN-MRC-ASP-SUR-MENSFK117BX,visadebit,170,4252.330000000001
739,2019-08,ADN-MRC-ASP-SUR-MERIDIANGL181HJ,mastercard,2,19.310000000000002
740,2019-08,ADN-MRC-ASP-SUR-MERIDIANGL181HJ,visadebit,59,569.63
741,2019-08,ADN-MRC-ASP-SUR-MIDSSTNDE117ND,mastercard,14,567.79
742,2019-08,ADN-MRC-ASP-SUR-MIDSSTNDE117ND,visadebit,92,2490.0499999999993
743,2019-08,ADN-MRC-ASP-SUR-MORRISONSFK78HQ,mastercard,32,1073.6899999999998
744,2019-08,ADN-MRC-ASP-SUR-MORRISONSFK78HQ,visadebit,304,7014.360000000004
745,2019-08,ADN-MRC-ASP-SUR-MOSSIV327JH,mastercard,16,393.93
746,2019-08,ADN-MRC-ASP-SUR-MOSSIV327JH,visadebit,94,1814.1199999999992
747,2019-08,ADN-MRC-ASP-SUR-NEEDWODE139PD,mastercard,42,1676.7899999999997
748,2019-08,ADN-MRC-ASP-SUR-NEEDWODE139PD,visadebit,281,7785.739999999995
749,2019-08,ADN-MRC-ASP-SUR-NEWBYYO126UA,mastercard,18,589.82
750,2019-08,ADN-MRC-ASP-SUR-NEWBYYO126UA,visadebit,235,5576.0300000000025
751,2019-08,ADN-MRC-ASP-SUR-NEWNORTHIG63AD,mastercard,20,628.5
752,2019-08,ADN-MRC-ASP-SUR-NEWNORTHIG63AD,visadebit,257,5945.350000000003
753,2019-08,ADN-MRC-ASP-SUR-NICHOLASNR301NN,mastercard,12,511.5
754,2019-08,ADN-MRC-ASP-SUR-NICHOLASNR301NN,visadebit,109,2662.3099999999995
755,2019-08,ADN-MRC-ASP-SUR-NUNSIP243ED,mastercard,22,588.6299999999999
756,2019-08,ADN-MRC-ASP-SUR-NUNSIP243ED,visadebit,338,6233.759999999996
757,2019-08,ADN-MRC-ASP-SUR-NURSERYYO73AA,mastercard,40,1664.7
758,2019-08,ADN-MRC-ASP-SUR-NURSERYYO73AA,visadebit,268,7643.080000000003
759,2019-08,ADN-MRC-ASP-SUR-OCKFORDGU71QY,mastercard,90,3722.6300000000015
760,2019-08,ADN-MRC-ASP-SUR-OCKFORDGU71QY,visadebit,437,13283.96000000001
761,2019-08,ADN-MRC-ASP-SUR-OLDPUMPSA699BJ,mastercard,21,814.36
762,2019-08,ADN-MRC-ASP-SUR-OLDPUMPSA699BJ,visadebit,165,4356.500000000001
763,2019-08,ADN-MRC-ASP-SUR-OSSETTWF59SL,mastercard,24,722.25
764,2019-08,ADN-MRC-ASP-SUR-OSSETTWF59SL,visadebit,242,6004.160000000001
765,2019-08,ADN-MRC-ASP-SUR-PARKKA228AA,mastercard,18,644.52
766,2019-08,ADN-MRC-ASP-SUR-PARKKA228AA,visadebit,162,4452.59
767,2019-08,ADN-MRC-ASP-SUR-PENTLESA699BN,mastercard,18,615.57
768,2019-08,ADN-MRC-ASP-SUR-PENTLESA699BN,visadebit,145,3948.849999999998
769,2019-08,ADN-MRC-ASP-SUR-PENYCF314LL,mastercard,6,162.29999999999998
770,2019-08,ADN-MRC-ASP-SUR-PENYCF314LL,visadebit,108,1952.5300000000002
771,2019-08,ADN-MRC-ASP-SUR-PHOENIXRG278RT,mastercard,77,3809.0300000000007
772,2019-08,ADN-MRC-ASP-SUR-PHOENIXRG278RT,visadebit,361,11094.690000000004
773,2019-08,ADN-MRC-ASP-SUR-PORTREEIV519EU,mastercard,50,2210.53
774,2019-08,ADN-MRC-ASP-SUR-PORTREEIV519EU,visadebit,130,5376.69
775,2019-08,ADN-MRC-ASP-SUR-POSTCOMBEOX97ED,mastercard,34,1246.9100000000003
776,2019-08,ADN-MRC-ASP-SUR-POSTCOMBEOX97ED,visadebit,235,5637.810000000001
777,2019-08,ADN-MRC-ASP-SUR-POTTERSIP139EE,mastercard,31,1185.1000000000001
778,2019-08,ADN-MRC-ASP-SUR-POTTERSIP139EE,visadebit,236,5921.3099999999995
779,2019-08,ADN-MRC-ASP-SUR-PRESCOTRDL70JD,mastercard,3,56.8
780,2019-08,ADN-MRC-ASP-SUR-PRESCOTRDL70JD,visadebit,69,1484.7699999999998
781,2019-08,ADN-MRC-ASP-SUR-PRESELISA677PD,mastercard,18,837.01
782,2019-08,ADN-MRC-ASP-SUR-PRESELISA677PD,visadebit,188,4686.1500000000015
783,2019-08,ADN-MRC-ASP-SUR-PROTHEROSELE16,mastercard,22,937.1200000000001
784,2019-08,ADN-MRC-ASP-SUR-PROTHEROSELE16,visadebit,161,3564.470000000001
785,2019-08,ADN-MRC-ASP-SUR-RAPIDNE97TD,mastercard,28,965.5899999999999
786,2019-08,ADN-MRC-ASP-SUR-RAPIDNE97TD,visadebit,213,5407.179999999998
787,2019-08,ADN-MRC-ASP-SUR-RAVENSKA128RY,mastercard,15,451.23999999999995
788,2019-08,ADN-MRC-ASP-SUR-RAVENSKA128RY,visadebit,165,3309.9100000000003
789,2019-08,ADN-MRC-ASP-SUR-REPPSSTNNR29,mastercard,16,844.49
790,2019-08,ADN-MRC-ASP-SUR-REPPSSTNNR29,visadebit,167,4195.359999999998
791,2019-08,ADN-MRC-ASP-SUR-RESTALRIGEH76UW,mastercard,23,558.67
792,2019-08,ADN-MRC-ASP-SUR-RESTALRIGEH76UW,visadebit,246,3648.359999999999
793,2019-08,ADN-MRC-ASP-SUR-RIGGEH421DE,mastercard,27,1218.94
794,2019-08,ADN-MRC-ASP-SUR-RIGGEH421DE,visadebit,137,3921.51
795,2019-08,ADN-MRC-ASP-SUR-SILVERNR217HP,mastercard,6,217.0
796,2019-08,ADN-MRC-ASP-SUR-SILVERNR217HP,visadebit,45,1002.67
797,2019-08,ADN-MRC-ASP-SUR-SMARTKY139XG,mastercard,26,1211.0300000000002
798,2019-08,ADN-MRC-ASP-SUR-SMARTKY139XG,visadebit,131,4798.380000000002
799,2019-08,ADN-MRC-ASP-SUR-SOUTHINCHPH28AR,mastercard,26,1060.4499999999998
800,2019-08,ADN-MRC-ASP-SUR-SOUTHINCHPH28AR,visadebit,137,3724.88
801,2019-08,ADN-MRC-ASP-SUR-STATIONRDLE652GL,mastercard,30,998.4999999999999
802,2019-08,ADN-MRC-ASP-SUR-STATIONRDLE652GL,visadebit,181,3997.1900000000037
803,2019-08,ADN-MRC-ASP-SUR-STOCKCM49BA,mastercard,7,110.04
804,2019-08,ADN-MRC-ASP-SUR-STOCKCM49BA,visadebit,54,696.25
805,2019-08,ADN-MRC-ASP-SUR-STRENSALLYO325TB,mastercard,29,844.0099999999999
806,2019-08,ADN-MRC-ASP-SUR-STRENSALLYO325TB,visadebit,250,4950.450000000001
807,2019-08,ADN-MRC-ASP-SUR-TGCFELNE100NR,mastercard,34,1465.6600000000003
808,2019-08,ADN-MRC-ASP-SUR-TGCFELNE100NR,visadebit,214,4974.52
809,2019-08,ADN-MRC-ASP-SUR-TGCGATNE100NR,mastercard,16,550.99
810,2019-08,ADN-MRC-ASP-SUR-TGCGATNE100NR,visadebit,356,8698.430000000004
811,2019-08,ADN-MRC-ASP-SUR-TGCKEYB185AU,mastercard,16,498.7100000000001
812,2019-08,ADN-MRC-ASP-SUR-TGCKEYB185AU,visadebit,125,2406.649999999999
813,2019-08,ADN-MRC-ASP-SUR-TICKHILLDN119QP,mastercard,52,2185.3900000000003
814,2019-08,ADN-MRC-ASP-SUR-TICKHILLDN119QP,visadebit,350,8523.420000000006
815,2019-08,ADN-MRC-ASP-SUR-TILSHEADSP34SB,mastercard,27,1124.9799999999998
816,2019-08,ADN-MRC-ASP-SUR-TILSHEADSP34SB,visadebit,191,4746.36
817,2019-08,ADN-MRC-ASP-SUR-TILTHAMSGU126LR,mastercard,51,2039.78
818,2019-08,ADN-MRC-ASP-SUR-TILTHAMSGU126LR,visadebit,378,10552.559999999996
819,2019-08,ADN-MRC-ASP-SUR-TROUTLD54UU,mastercard,6,245.39
820,2019-08,ADN-MRC-ASP-SUR-TROUTLD54UU,visadebit,53,1339.1899999999998
821,2019-08,ADN-MRC-ASP-SUR-TRUEMANSB475QB,mastercard,26,929.01
822,2019-08,ADN-MRC-ASP-SUR-TRUEMANSB475QB,visadebit,242,6364.100000000007
823,2019-08,ADN-MRC-ASP-SUR-VVSMAYB145HH,mastercard,78,3440.360000000001
824,2019-08,ADN-MRC-ASP-SUR-VVSMAYB145HH,visadebit,473,15059.770000000015
825,2019-08,ADN-MRC-ASP-SUR-WHITEHOSO208DZ,mastercard,59,1788.5000000000002
826,2019-08,ADN-MRC-ASP-SUR-WHITEHOSO208DZ,visadebit,496,11334.389999999998
827,2019-08,ADN-MRC-ASP-SUR-WHITEHOUPE321QJ,mastercard,13,247.27000000000004
828,2019-08,ADN-MRC-ASP-SUR-WHITEHOUPE321QJ,visadebit,177,2583.5100000000016
829,2019-08,ADN-MRC-ASP-SUR-WIGSTONLE183PW,mastercard,23,760.44
830,2019-08,ADN-MRC-ASP-SUR-WIGSTONLE183PW,visadebit,195,4393.960000000003
831,2019-08,ADN-MRC-ASP-SUR-WOLVISTONTS225JF,mastercard,8,352.34999999999997
832,2019-08,ADN-MRC-ASP-SUR-WOLVISTONTS225JF,visadebit,190,4231.369999999999
833,2019-08,ADN-MRC-ASP-SUR-WOODFORDSCM08NS,mastercard,16,1479.98
834,2019-08,ADN-MRC-ASP-SUR-WOODFORDSCM08NS,visadebit,158,5585.2199999999975
835,2019-08,ADN-MRC-ASP-SUR-WOODGATEB323QU,mastercard,7,209.79
836,2019-08,ADN-MRC-ASP-SUR-WOODGATEB323QU,visadebit,162,3003.3400000000006
837,2019-08,ADN-MRC-ASP-SUR-WOODGRANGEPE46LQ,mastercard,14,578.87
838,2019-08,ADN-MRC-ASP-SUR-WOODGRANGEPE46LQ,visadebit,110,3027.110000000001
839,2019-08,ADN-MRC-ASP-SUR-WRAGBYLN24QY,mastercard,27,911.6299999999998
840,2019-08,ADN-MRC-ASP-SUR-WRAGBYLN24QY,visadebit,222,5434.18
841,2019-08,ADN-MRC-ASP-SUTHERLANDARMS,mastercard,20,677.06
842,2019-08,ADN-MRC-ASP-SUTHERLANDARMS,visadebit,93,2706.04
843,2019-08,ADN-MRC-ASP-SUTHERLANDGARAGE,mastercard,8,344.94000000000005
844,2019-08,ADN-MRC-ASP-SUTHERLANDGARAGE,visadebit,19,457.1600000000001
845,2019-08,ADN-MRC-ASP-TALLINGTONSSTN,mastercard,13,519.5
846,2019-08,ADN-MRC-ASP-TALLINGTONSSTN,visadebit,110,3025.0900000000006
847,2019-08,ADN-MRC-ASP-TAURUSLL139EB,mastercard,25,941.04
848,2019-08,ADN-MRC-ASP-TAURUSLL139EB,visadebit,360,8111.889999999999
849,2019-08,ADN-MRC-ASP-TEDDINGTONTW118ET,mastercard,17,200.84
850,2019-08,ADN-MRC-ASP-TEDDINGTONTW118ET,visadebit,154,1617.2399999999998
851,2019-08,ADN-MRC-ASP-THELOCAL,mastercard,2,34.44
852,2019-08,ADN-MRC-ASP-THELOCAL,visadebit,44,485.42
853,2019-08,ADN-MRC-ASP-THEMOUNTSERVSTN,mastercard,17,2640.7799999999997
854,2019-08,ADN-MRC-ASP-THEMOUNTSERVSTN,visadebit,97,2215.6499999999996
855,2019-08,ADN-MRC-ASP-TOWNHEADGARAGESBOTH,mastercard,21,729.21
856,2019-08,ADN-MRC-ASP-TOWNHEADGARAGESBOTH,visadebit,156,3744.430000000002
857,2019-08,ADN-MRC-ASP-TOWNHEADGARAGESCAR,mastercard,9,299.96
858,2019-08,ADN-MRC-ASP-TOWNHEADGARAGESCAR,visadebit,189,4326.180000000001
859,2019-08,ADN-MRC-ASP-TOWNHEADGARAGESHAM,mastercard,22,810.4599999999999
860,2019-08,ADN-MRC-ASP-TOWNHEADGARAGESHAM,visadebit,158,3833.5800000000004
861,2019-08,ADN-MRC-ASP-TOWNHEADGARAGESMOTH,mastercard,29,1119.17
862,2019-08,ADN-MRC-ASP-TOWNHEADGARAGESMOTH,visadebit,383,10028.260000000006
863,2019-08,ADN-MRC-ASP-TREVSMOTORCYCLES,mastercard,1,44.1
864,2019-08,ADN-MRC-ASP-TREVSMOTORCYCLES,visadebit,10,382.34000000000003
865,2019-08,ADN-MRC-ASP-TWICKENHAMDRIVE,mastercard,3,27.29
866,2019-08,ADN-MRC-ASP-TWICKENHAMDRIVE,visadebit,120,1145.0399999999997
867,2019-08,ADN-MRC-ASP-ULCEBYTRUCKSTOP,mastercard,19,131.5
868,2019-08,ADN-MRC-ASP-ULCEBYTRUCKSTOP,visadebit,121,1254.5500000000004
869,2019-08,ADN-MRC-ASP-VALESSTN,mastercard,7,151.62
870,2019-08,ADN-MRC-ASP-VALESSTN,visadebit,173,2624.52
871,2019-08,ADN-MRC-ASP-VSTFORECOURTS,mastercard,9,199.5
872,2019-08,ADN-MRC-ASP-VSTFORECOURTS,visadebit,119,2014.7100000000003
873,2019-08,ADN-MRC-ASP-WATLINGTONSS,mastercard,18,825.6099999999998
874,2019-08,ADN-MRC-ASP-WATLINGTONSS,visadebit,72,2106.3900000000003
875,2019-08,ADN-MRC-ASP-WESTENDFILLINGSTN,mastercard,22,1029.31
876,2019-08,ADN-MRC-ASP-WESTENDFILLINGSTN,visadebit,325,6671.929999999997
877,2019-08,ADN-MRC-ASP-WESTENDGARAGE,mastercard,52,2503.6900000000005
878,2019-08,ADN-MRC-ASP-WESTENDGARAGE,visadebit,129,4686.740000000002
879,2019-08,ADN-MRC-ASP-WESTSTREETSSTN,mastercard,3,53.89000000000001
880,2019-08,ADN-MRC-ASP-WESTSTREETSSTN,visadebit,86,1390.4599999999996
881,2019-08,ADN-MRC-ASP-WHEATLEYHILLFILLSTN,mastercard,44,1715.3699999999997
882,2019-08,ADN-MRC-ASP-WHEATLEYHILLFILLSTN,visadebit,669,17235.52000000002
883,2019-08,ADN-MRC-ASP-WOLDSGARAGE,mastercard,10,246.85
884,2019-08,ADN-MRC-ASP-WOLDSGARAGE,visadebit,79,1088.4499999999998
885,2019-08,ADN-MRC-ASP-WOWHR96DJ,mastercard,2,12.75
886,2019-08,ADN-MRC-ASP-WOWHR96DJ,visadebit,47,644.2700000000001
887,2019-08,AVLUA-PONTFAENSA487JL,mastercard,7,477.04
888,2019-08,AVLUA-PONTFAENSA487JL,visadebit,37,1560.42
889,2019-08,AVLUA-SILLOTHCA74DP,visadebit,17,796.7399999999999
890,2019-08,AVLUA-UPLYMEDT73UY,mastercard,56,2076.0399999999995
891,2019-08,AVLUA-UPLYMEDT73UY,visadebit,105,4199.869999999999
892,2019-08,AVLUB-BRADLEYSSSTN,mastercard,50,710.0699999999999
893,2019-08,AVLUB-BRADLEYSSSTN,visadebit,66,1460.9600000000003
894,2019-08,AVLUB-BRONLLYSMOTORS,visadebit,3,156.0
895,2019-08,AVLUB-LAWTONSERVSLTD,mastercard,3,110.0
896,2019-08,AVLUB-LAWTONSERVSLTD,visadebit,80,2546.8700000000003
897,2019-08,AVLUB-NEWBRIDGESSTN,mastercard,6,136.09
898,2019-08,AVLUB-NEWBRIDGESSTN,visadebit,9,452.38
899,2019-08,AVLUB-NORMANTONWF62AY,mastercard,12,316.28999999999996
900,2019-08,AVLUB-NORMANTONWF62AY,visadebit,14,539.86
901,2019-08,AVLUB-NORTHROADMOTORS,mastercard,8,783.21
902,2019-08,AVLUB-NORTHROADMOTORS,visadebit,21,1605.4499999999998
903,2019-08,AVLUB-PHILLIPSTYRES,mastercard,5,161.25
904,2019-08,AVLUB-PHILLIPSTYRES,visadebit,11,482.08000000000004
905,2019-08,AVLUB-RHYDMWYNSSTN,mastercard,6,303.2
906,2019-08,AVLUB-RHYDMWYNSSTN,visadebit,17,726.93
907,2019-08,AVLUB-RHYDPENNAUGARAGE,mastercard,6,208.2
908,2019-08,AVLUB-RHYDPENNAUGARAGE,visadebit,41,1510.0999999999997
909,2019-08,AVLUB-ROBSONANDCOWAN,mastercard,2,40.0
910,2019-08,AVLUB-ROBSONANDCOWAN,visadebit,5,163.73
911,2019-08,AVLUB-ROMANCAMPSSTN,mastercard,17,516.5600000000001
912,2019-08,AVLUB-ROMANCAMPSSTN,visadebit,66,2774.8099999999995
913,2019-08,AVLUB-STARVEHICLEFUELS,mastercard,12,332.69
914,2019-08,AVLUB-STARVEHICLEFUELS,visadebit,22,1035.4899999999998
915,2019-08,AVLUB-TRANDSONS,mastercard,13,384.49999999999994
916,2019-08,AVLUB-TRANDSONS,visadebit,38,2535.2500000000005
917,2019-08,AVLUB-VALLEYBD87DT,visadebit,4,147.8
918,2019-08,AVLUB-VALLEYFILLINGSTN,mastercard,1,157.47
919,2019-08,AVLUL-FORDFUELOILS,mastercard,21,815.3100000000001
920,2019-08,AVLUL-FORDFUELOILS,visadebit,56,2139.63
921,2019-08,AVLUL-KCOOPERMOTORS,mastercard,9,317.62
922,2019-08,AVLUL-KCOOPERMOTORS,visadebit,18,959.64
923,2019-08,AVLUS-AERONCOAST,mastercard,11,470.1
924,2019-08,AVLUS-AERONCOAST,visadebit,39,1822.49
925,2019-08,AVLUS-AIS003FILLSTN,mastercard,11,172.49
926,2019-08,AVLUS-AIS003FILLSTN,visadebit,22,601.39
927,2019-08,AVLUS-ALCONBURYSERVICES,mastercard,15,285.68
928,2019-08,AVLUS-ALCONBURYSERVICES,visadebit,44,1287.0400000000002
929,2019-08,AVLUS-ALDERTONGARAGE,mastercard,6,237.45999999999998
930,2019-08,AVLUS-ALDERTONGARAGE,visadebit,18,995.52
931,2019-08,AVLUS-ARLEENCOACHHIRESTJOHN,mastercard,6,170.53
932,2019-08,AVLUS-ARLEENCOACHHIRESTJOHN,visadebit,25,995.61
933,2019-08,AVLUS-BALDOCKSFUEL,mastercard,14,552.75
934,2019-08,AVLUS-BALDOCKSFUEL,visadebit,29,1178.1399999999999
935,2019-08,AVLUS-BARKWAYSSTN,mastercard,2,108.69
936,2019-08,AVLUS-BARKWAYSSTN,visadebit,7,311.61
937,2019-08,AVLUS-BARLOWMOOR,mastercard,11,452.86
938,2019-08,AVLUS-BARLOWMOOR,visadebit,25,711.0299999999999
939,2019-08,AVLUS-BERKELEYGARAGE,mastercard,1,95.0
940,2019-08,AVLUS-BERKELEYGARAGE,visadebit,4,1210.12
941,2019-08,AVLUS-BETTYHILLGENERALMER,mastercard,6,186.48000000000002
942,2019-08,AVLUS-BETTYHILLGENERALMER,visadebit,6,189.54
943,2019-08,AVLUS-BFLFILLINGST,mastercard,13,420.81
944,2019-08,AVLUS-BFLFILLINGST,visadebit,21,1548.62
945,2019-08,AVLUS-BLACKMOREFILLINGST,mastercard,2,124.15
946,2019-08,AVLUS-BLACKMOREFILLINGST,visadebit,15,626.32
947,2019-08,AVLUS-BLASONSGARAGE,mastercard,4,1119.6
948,2019-08,AVLUS-BLASONSGARAGE,visadebit,3,158.7
949,2019-08,AVLUS-BORDERGARAGE,mastercard,10,450.81
950,2019-08,AVLUS-BORDERGARAGE,visadebit,42,6074.31
951,2019-08,AVLUS-BRAEGARAGE,mastercard,1,385.03
952,2019-08,AVLUS-BRAEGARAGE,visadebit,6,583.47
953,2019-08,AVLUS-BRAMDEANGARAGE,mastercard,5,284.0
954,2019-08,AVLUS-BRAMDEANGARAGE,visadebit,12,458.46
955,2019-08,AVLUS-BROACHHILLGARAGE,mastercard,3,106.02000000000001
956,2019-08,AVLUS-BROACHHILLGARAGE,visadebit,4,210.0
957,2019-08,AVLUS-BROADGATE,mastercard,4,118.19000000000001
958,2019-08,AVLUS-BROADGATE,visadebit,21,1119.9499999999998
959,2019-08,AVLUS-BROADOAKGARAGE,mastercard,8,1024.67
960,2019-08,AVLUS-BROADOAKGARAGE,visadebit,35,3426.1599999999994
961,2019-08,AVLUS-BROOKEGARAGELTD,mastercard,6,167.14
962,2019-08,AVLUS-BROOKEGARAGELTD,visadebit,21,1180.2
963,2019-08,AVLUS-BROOKSENDSSTN,mastercard,1,33.73
964,2019-08,AVLUS-BROOKSENDSSTN,visadebit,4,170.47
965,2019-08,AVLUS-BUSYBEEGARAGE,mastercard,8,1475.9399999999998
966,2019-08,AVLUS-BUSYBEEGARAGE,visadebit,6,4822.570000000001
967,2019-08,AVLUS-CANNINGSHILLGARAGE,visadebit,5,305.88
968,2019-08,AVLUS-CARLISLESFRESHFOODS,visadebit,2,81.5
969,2019-08,AVLUS-CATTERICKSSTNLTD,mastercard,15,471.92999999999995
970,2019-08,AVLUS-CATTERICKSSTNLTD,visadebit,63,10150.59
971,2019-08,AVLUS-CAUNDLESERVICESTATION,mastercard,5,319.52
972,2019-08,AVLUS-CAUNDLESERVICESTATION,visadebit,25,1396.84
973,2019-08,AVLUS-CECILPENNEYLTD,mastercard,25,1001.4300000000001
974,2019-08,AVLUS-CECILPENNEYLTD,visadebit,62,3333.7
975,2019-08,AVLUS-CENTRALGARAGECORN,mastercard,37,1326.0100000000002
976,2019-08,AVLUS-CENTRALGARAGECORN,visadebit,121,5029.0199999999995
977,2019-08,AVLUS-CENTRALGARAGELANC,mastercard,4,159.95999999999998
978,2019-08,AVLUS-CENTRALGARAGELANC,visadebit,32,700.77
979,2019-08,AVLUS-CENTRALGARAGEPEMBS,mastercard,3,56.13
980,2019-08,AVLUS-CENTRALGARAGEPEMBS,visadebit,9,294.65
981,2019-08,AVLUS-CHARLESSTUARTAUTOSLTD,mastercard,3,235.1
982,2019-08,AVLUS-CHARLESSTUARTAUTOSLTD,visadebit,13,455.03999999999996
983,2019-08,AVLUS-COLINSGARAGE,mastercard,10,433.36
984,2019-08,AVLUS-COLINSGARAGE,visadebit,32,1606.83
985,2019-08,AVLUS-COUSINSBROSDEVON,mastercard,3,76.07000000000001
986,2019-08,AVLUS-COUSINSBROSDEVON,visadebit,7,274.60999999999996
987,2019-08,AVLUS-COXOFTORBAY,mastercard,6,138.59
988,2019-08,AVLUS-COXOFTORBAY,visadebit,37,1618.4199999999998
989,2019-08,AVLUS-CREETOWNSSTN,mastercard,5,175.13
990,2019-08,AVLUS-CREETOWNSSTN,visadebit,26,1108.48
991,2019-08,AVLUS-CRHANSARDLTD,mastercard,5,265.32
992,2019-08,AVLUS-CRHANSARDLTD,visadebit,11,510.44
993,2019-08,AVLUS-CROSBYMOORGARAGE,mastercard,6,339.23
994,2019-08,AVLUS-CROSBYMOORGARAGE,visadebit,9,386.5
995,2019-08,AVLUS-CUMMINGSBODMIN,mastercard,10,330.43
996,2019-08,AVLUS-CUMMINGSBODMIN,visadebit,13,491.06
997,2019-08,AVLUS-CURRYSMOTORS,mastercard,5,575.15
998,2019-08,AVLUS-CURRYSMOTORS,visadebit,30,1528.1599999999999
999,2019-08,AVLUS-DAVMORGARAGE,mastercard,6,202.67000000000002
1000,2019-08,AVLUS-DAVMORGARAGE,visadebit,23,649.1200000000001
1001,2019-08,AVLUS-DEVILSHANDBASINGRAGE,mastercard,4,152.88
1002,2019-08,AVLUS-DEVILSHANDBASINGRAGE,visadebit,39,1680.6699999999994
1003,2019-08,AVLUS-DINASCROSSSSTNLTD,mastercard,26,599.3399999999999
1004,2019-08,AVLUS-DINASCROSSSSTNLTD,visadebit,66,2491.6000000000013
1005,2019-08,AVLUS-DOUBLESGARAGE,mastercard,12,839.3700000000001
1006,2019-08,AVLUS-DOUBLESGARAGE,visadebit,20,1074.8
1007,2019-08,AVLUS-DOVESSTN,mastercard,7,254.56000000000003
1008,2019-08,AVLUS-DOVESSTN,visadebit,36,1587.5099999999998
1009,2019-08,AVLUS-DRAYTONMOTORSLTD,mastercard,6,192.39999999999998
1010,2019-08,AVLUS-DRAYTONMOTORSLTD,visadebit,17,601.43
1011,2019-08,AVLUS-DUFFIELDSERVICESTN,mastercard,9,328.15999999999997
1012,2019-08,AVLUS-DUFFIELDSERVICESTN,visadebit,12,482.93
1013,2019-08,AVLUS-EEWHYSSTN,mastercard,9,212.63
1014,2019-08,AVLUS-EEWHYSSTN,visadebit,13,615.0300000000001
1015,2019-08,AVLUS-EWPINCHBECKANDSONS,mastercard,10,346.01
1016,2019-08,AVLUS-EWPINCHBECKANDSONS,visadebit,30,1237.56
1017,2019-08,AVLUS-FILLONGAR,mastercard,7,235.95999999999998
1018,2019-08,AVLUS-FILLONGAR,visadebit,22,1005.49
1019,2019-08,AVLUS-FINCHAMFILLINGSTN,mastercard,5,103.42
1020,2019-08,AVLUS-FINCHAMFILLINGSTN,visadebit,25,1126.69
1021,2019-08,AVLUS-FIRMOFRMMACDONALD,mastercard,16,694.0400000000001
1022,2019-08,AVLUS-FIRMOFRMMACDONALD,visadebit,52,2190.79
1023,2019-08,AVLUS-FORGEFSSTN,mastercard,15,663.7000000000002
1024,2019-08,AVLUS-FORGEFSSTN,visadebit,48,2051.4100000000008
1025,2019-08,AVLUS-FOURCROSSESFILLSTN,mastercard,10,697.3399999999999
1026,2019-08,AVLUS-FOURCROSSESFILLSTN,visadebit,55,5663.9400000000005
1027,2019-08,AVLUS-GLRUS-PORTSOYAB452FB,mastercard,5,102.74
1028,2019-08,AVLUS-GLRUS-PORTSOYAB452FB,visadebit,7,323.97
1029,2019-08,AVLUS-GLRUS-THEFILLINGSTATIONPA4,mastercard,6,302.44
1030,2019-08,AVLUS-GLRUS-THEFILLINGSTATIONPA4,visadebit,16,653.35
1031,2019-08,AVLUS-GRAVELLSLTD,mastercard,9,388.08
1032,2019-08,AVLUS-GRAVELLSLTD,visadebit,35,1424.89
1033,2019-08,AVLUS-GREENACRETARVIN,mastercard,18,1157.06
1034,2019-08,AVLUS-GREENACRETARVIN,visadebit,65,3782.4799999999996
1035,2019-08,AVLUS-HALFWAYGARAGELTD,mastercard,7,120.56
1036,2019-08,AVLUS-HALFWAYGARAGELTD,visadebit,26,491.2099999999999
1037,2019-08,AVLUS-HOPEGARAGE,mastercard,8,452.61
1038,2019-08,AVLUS-HOPEGARAGE,visadebit,16,849.6099999999999
1039,2019-08,AVLUS-HOPTONBANKSERVSTN,mastercard,14,768.8100000000002
1040,2019-08,AVLUS-HOPTONBANKSERVSTN,visadebit,41,4776.6100000000015
1041,2019-08,AVLUS-HRMMOTORS,mastercard,16,548.9799999999999
1042,2019-08,AVLUS-HRMMOTORS,visadebit,39,1589.8400000000004
1043,2019-08,AVLUS-HULLANDGENERALSTORE,mastercard,7,118.79
1044,2019-08,AVLUS-HULLANDGENERALSTORE,visadebit,18,737.33
1045,2019-08,AVLUS-HUTTOFTSSTN,mastercard,9,263.40999999999997
1046,2019-08,AVLUS-HUTTOFTSSTN,visadebit,38,1654.33
1047,2019-08,AVLUS-JACKDAWSSTN,visadebit,16,1139.3
1048,2019-08,AVLUS-JEWELLSCROSSSSTN,mastercard,13,314.03
1049,2019-08,AVLUS-JEWELLSCROSSSSTN,visadebit,37,1572.7299999999998
1050,2019-08,AVLUS-JOHNRICEMOTORSLTD,mastercard,9,573.69
1051,2019-08,AVLUS-JOHNRICEMOTORSLTD,visadebit,22,2228.2
1052,2019-08,AVLUS-JOHNSGARAGE,mastercard,2,58.0
1053,2019-08,AVLUS-JOHNSGARAGE,visadebit,6,154.73
1054,2019-08,AVLUS-JOYDENSSERVSTN,mastercard,6,259.36
1055,2019-08,AVLUS-JOYDENSSERVSTN,visadebit,18,713.99
1056,2019-08,AVLUS-KANDHBAKEWELLLTD,mastercard,20,748.35
1057,2019-08,AVLUS-KANDHBAKEWELLLTD,visadebit,50,2523.3300000000004
1058,2019-08,AVLUS-KBLEWISSONLTD,mastercard,13,261.76000000000005
1059,2019-08,AVLUS-KBLEWISSONLTD,visadebit,87,3298.8
1060,2019-08,AVLUS-KEENTHORNGARAGE,mastercard,1,15.0
1061,2019-08,AVLUS-KEENTHORNGARAGE,visadebit,11,450.4800000000001
1062,2019-08,AVLUS-LLANGYNIDRSSTN,mastercard,2,104.0
1063,2019-08,AVLUS-LLANGYNIDRSSTN,visadebit,11,2010.7
1064,2019-08,AVLUS-MACKSGARAGE,mastercard,6,470.83000000000004
1065,2019-08,AVLUS-MACKSGARAGE,visadebit,13,603.2500000000001
1066,2019-08,AVLUS-MAESYCOED,mastercard,4,133.1
1067,2019-08,AVLUS-MAESYCOED,visadebit,12,622.22
1068,2019-08,AVLUS-MAGPIESSTN,mastercard,3,49.05
1069,2019-08,AVLUS-MAGPIESSTN,visadebit,7,226.67000000000002
1070,2019-08,AVLUS-MALTBYSSTN,mastercard,1,46.0
1071,2019-08,AVLUS-MALTBYSSTN,visadebit,3,382.4
1072,2019-08,AVLUS-MANORGARAGE,mastercard,2,52.39
1073,2019-08,AVLUS-MANORGARAGE,visadebit,10,392.75
1074,2019-08,AVLUS-MARKETSTFILLINGSTN,mastercard,5,213.63
1075,2019-08,AVLUS-MARKETSTFILLINGSTN,visadebit,16,521.25
1076,2019-08,AVLUS-MILLGARAGEGARDEN,mastercard,1,25.2
1077,2019-08,AVLUS-MILLGARAGEGARDEN,visadebit,5,827.54
1078,2019-08,AVLUS-MOORESCLOUGHMILLSLTD,mastercard,4,85.01
1079,2019-08,AVLUS-MOORESCLOUGHMILLSLTD,visadebit,18,727.9399999999999
1080,2019-08,AVLUS-MOORPARTSMOLTON,mastercard,3,1212.64
1081,2019-08,AVLUS-MOORPARTSMOLTON,visadebit,5,238.14999999999998
1082,2019-08,AVLUS-MOREDUNALSTON,mastercard,1,15.46
1083,2019-08,AVLUS-MOREDUNALSTON,visadebit,6,295.71
1084,2019-08,AVLUS-MORTAGARAGE,mastercard,4,135.26
1085,2019-08,AVLUS-MORTAGARAGE,visadebit,42,1523.42
1086,2019-08,AVLUS-MOUNTHILLGARAGE,mastercard,14,632.31
1087,2019-08,AVLUS-MOUNTHILLGARAGE,visadebit,38,1408.0300000000007
1088,2019-08,AVLUS-MURCO,mastercard,5,784.54
1089,2019-08,AVLUS-MURCO,visadebit,14,782.77
1090,2019-08,AVLUS-NATIONWIDEVEHICLE,mastercard,5,505.61
1091,2019-08,AVLUS-NATIONWIDEVEHICLE,visadebit,24,783.79
1092,2019-08,AVLUS-NORCOTTBROOKGARAGE,mastercard,4,610.12
1093,2019-08,AVLUS-NORCOTTBROOKGARAGE,visadebit,11,2577.1
1094,2019-08,AVLUS-NORCOTTBROOKGARAGELTD,mastercard,16,538.58
1095,2019-08,AVLUS-NORCOTTBROOKGARAGELTD,visadebit,46,2105.63
1096,2019-08,AVLUS-OCDAVISSONLTD,mastercard,35,1428.3900000000003
1097,2019-08,AVLUS-OCDAVISSONLTD,visadebit,100,4413.19
1098,2019-08,AVLUS-OUSEVALLEYAUTOSWAR,mastercard,1,12.47
1099,2019-08,AVLUS-OUSEVALLEYAUTOSWAR,visadebit,9,830.58
1100,2019-08,AVLUS-PALMARSHSSTN,mastercard,14,591.25
1101,2019-08,AVLUS-PALMARSHSSTN,visadebit,59,2266.72
1102,2019-08,AVLUS-PARKERMOTORS,mastercard,5,186.75
1103,2019-08,AVLUS-PARKERMOTORS,visadebit,18,677.5600000000001
1104,2019-08,AVLUS-PEACHEYGARAGESLTD,visadebit,1,62.05
1105,2019-08,AVLUS-PILLERTONGARAGE,mastercard,14,599.4200000000001
1106,2019-08,AVLUS-PILLERTONGARAGE,visadebit,30,1340.1100000000001
1107,2019-08,AVLUS-POWICKSSTN,mastercard,13,447.2700000000001
1108,2019-08,AVLUS-POWICKSSTN,visadebit,30,617.9400000000002
1109,2019-08,AVLUS-PRITCHARDSGARAGES,mastercard,6,122.34
1110,2019-08,AVLUS-PRITCHARDSGARAGES,visadebit,8,166.10999999999999
1111,2019-08,AVLUS-PRYSORSERVICESTN,mastercard,17,691.21
1112,2019-08,AVLUS-PRYSORSERVICESTN,visadebit,69,3554.6400000000003
1113,2019-08,AVLUS-PTCOACHES,mastercard,17,411.9200000000001
1114,2019-08,AVLUS-PTCOACHES,visadebit,22,855.4399999999999
1115,2019-08,AVLUS-RAYMEADERANDSONS,mastercard,29,1609.08
1116,2019-08,AVLUS-RAYMEADERANDSONS,visadebit,46,9099.070000000002
1117,2019-08,AVLUS-REDPOSTSSTN,mastercard,1,217.79
1118,2019-08,AVLUS-REDPOSTSSTN,visadebit,5,594.13
1119,2019-08,AVLUS-REGENCYDUFFTOWN,mastercard,5,173.61
1120,2019-08,AVLUS-REGENCYDUFFTOWN,visadebit,5,253.11
1121,2019-08,AVLUS-RICHARDDEARLTD,mastercard,32,1549.5800000000004
1122,2019-08,AVLUS-RICHARDDEARLTD,visadebit,79,3443.76
1123,2019-08,AVLUS-RINGSTFILLINGSTN,mastercard,20,842.4399999999999
1124,2019-08,AVLUS-RINGSTFILLINGSTN,visadebit,89,3259.1
1125,2019-08,AVLUS-ROCKBEAREMOTORSERVICES,visadebit,7,269.82000000000005
1126,2019-08,AVLUS-ROTHESAYMOTORSERVICES,mastercard,6,234.75
1127,2019-08,AVLUS-ROTHESAYMOTORSERVICES,visadebit,6,300.5
1128,2019-08,AVLUS-RWILLIESON,mastercard,19,439.2400000000001
1129,2019-08,AVLUS-RWILLIESON,visadebit,39,1261.5599999999995
1130,2019-08,AVLUS-SAMKINOFSAXMUNDHAM,mastercard,1,83.0
1131,2019-08,AVLUS-SAMKINOFSAXMUNDHAM,visadebit,6,370.68999999999994
1132,2019-08,AVLUS-SAVOYGARAGE,mastercard,1,8.83
1133,2019-08,AVLUS-SAVOYGARAGE,visadebit,10,504.12
1134,2019-08,AVLUS-SERVICEGARAGEPOWYS,mastercard,1,25.0
1135,2019-08,AVLUS-SERVICEGARAGEPOWYS,visadebit,9,1828.16
1136,2019-08,AVLUS-SITWELLSELFSRV,mastercard,14,530.23
1137,2019-08,AVLUS-SITWELLSELFSRV,visadebit,138,4111.740000000002
1138,2019-08,AVLUS-SIXHILLSSERVSTN,mastercard,13,442.26
1139,2019-08,AVLUS-SIXHILLSSERVSTN,visadebit,30,1200.33
1140,2019-08,AVLUS-SMORRALLLANEFILLINGSTN,mastercard,2,74.38
1141,2019-08,AVLUS-SMORRALLLANEFILLINGSTN,visadebit,10,226.65
1142,2019-08,AVLUS-SONNINGCOMMONGARAGE,mastercard,43,1769.1599999999996
1143,2019-08,AVLUS-SONNINGCOMMONGARAGE,visadebit,63,2739.8700000000003
1144,2019-08,AVLUS-SOUTHDALESSTN,mastercard,4,197.74
1145,2019-08,AVLUS-SOUTHDALESSTN,visadebit,16,730.61
1146,2019-08,AVLUS-SPARSSTN,mastercard,12,157.08000000000004
1147,2019-08,AVLUS-SPARSSTN,visadebit,34,1173.96
1148,2019-08,AVLUS-STARWV100AB,mastercard,4,86.50999999999999
1149,2019-08,AVLUS-STARWV100AB,visadebit,24,673.97
1150,2019-08,AVLUS-STATIONGARAGELONG,visadebit,1,200.76
1151,2019-08,AVLUS-STEAMMILLSGARAGE,mastercard,8,256.83
1152,2019-08,AVLUS-STEAMMILLSGARAGE,visadebit,20,696.12
1153,2019-08,AVLUS-STMICHAELSGARAGE,mastercard,7,630.3599999999999
1154,2019-08,AVLUS-STMICHAELSGARAGE,visadebit,16,1107.5800000000002
1155,2019-08,AVLUS-STONEHENGESSTN,mastercard,6,168.2
1156,2019-08,AVLUS-STONEHENGESSTN,visadebit,1,31.75
1157,2019-08,AVLUS-STONESSTN,mastercard,19,558.67
1158,2019-08,AVLUS-STONESSTN,visadebit,44,1885.6099999999994
1159,2019-08,AVLUS-SUR-ALCONBURYPE284WD,mastercard,4,26.21
1160,2019-08,AVLUS-SUR-ALCONBURYPE284WD,visadebit,3,17.37
1161,2019-08,AVLUS-SUR-ALSTONDL120UU,mastercard,3,433.64
1162,2019-08,AVLUS-SUR-ALSTONDL120UU,visadebit,17,1773.8999999999999
1163,2019-08,AVLUS-SUR-ASHEYPO334BB,mastercard,5,208.01999999999998
1164,2019-08,AVLUS-SUR-ASHEYPO334BB,visadebit,9,411.0
1165,2019-08,AVLUS-SUR-AYLESFORDME207AD,visadebit,2,20.46
1166,2019-08,AVLUS-SUR-BAYBRODICKKA278AU,mastercard,16,732.1800000000001
1167,2019-08,AVLUS-SUR-BAYBRODICKKA278AU,visadebit,47,2002.55
1168,2019-08,AVLUS-SUR-BLACKFOOTKA278ES,mastercard,2,60.0
1169,2019-08,AVLUS-SUR-BLACKFOOTKA278ES,visadebit,15,1132.1999999999998
1170,2019-08,AVLUS-SUR-CANKLOWS602XG,mastercard,1,10.0
1171,2019-08,AVLUS-SUR-CANKLOWS602XG,visadebit,5,348.35
1172,2019-08,AVLUS-SUR-CENTRALGARLS236BH,mastercard,7,358.99
1173,2019-08,AVLUS-SUR-CENTRALGARLS236BH,visadebit,15,896.26
1174,2019-08,AVLUS-SUR-CHUGHD75SH,mastercard,7,108.68
1175,2019-08,AVLUS-SUR-CHUGHD75SH,visadebit,43,1195.58
1176,2019-08,AVLUS-SUR-CLACHANPA296XL,mastercard,7,214.6
1177,2019-08,AVLUS-SUR-CLACHANPA296XL,visadebit,11,418.21999999999997
1178,2019-08,AVLUS-SUR-CRACKNELLSIP313QX,mastercard,16,406.0999999999999
1179,2019-08,AVLUS-SUR-CRACKNELLSIP313QX,visadebit,43,1653.65
1180,2019-08,AVLUS-SUR-CROMWELLCV49HN,mastercard,2,75.86
1181,2019-08,AVLUS-SUR-CROMWELLCV49HN,visadebit,14,1353.68
1182,2019-08,AVLUS-SUR-CROSSBURNML110QA,mastercard,7,275.73999999999995
1183,2019-08,AVLUS-SUR-CROSSBURNML110QA,visadebit,22,1444.4299999999998
1184,2019-08,AVLUS-SUR-CROSSFIELDCA255QA,mastercard,11,356.71
1185,2019-08,AVLUS-SUR-CROSSFIELDCA255QA,visadebit,59,1966.05
1186,2019-08,AVLUS-SUR-DALPH191AG,mastercard,16,584.76
1187,2019-08,AVLUS-SUR-DALPH191AG,visadebit,22,896.2699999999999
1188,2019-08,AVLUS-SUR-DOVESDE738GJ,mastercard,13,489.06
1189,2019-08,AVLUS-SUR-DOVESDE738GJ,visadebit,18,805.8899999999999
1190,2019-08,AVLUS-SUR-DURSTONTA35AD,mastercard,2,14.73
1191,2019-08,AVLUS-SUR-DURSTONTA35AD,visadebit,12,1024.02
1192,2019-08,AVLUS-SUR-DYRHAMSA678EN,mastercard,29,1060.7
1193,2019-08,AVLUS-SUR-DYRHAMSA678EN,visadebit,96,5237.500000000001
1194,2019-08,AVLUS-SUR-GORDONHS20JY,mastercard,29,1078.7100000000003
1195,2019-08,AVLUS-SUR-GORDONHS20JY,visadebit,98,4692.59
1196,2019-08,AVLUS-SUR-GREENHILLB139RB,mastercard,6,590.81
1197,2019-08,AVLUS-SUR-GREENHILLB139RB,visadebit,18,1448.96
1198,2019-08,AVLUS-SUR-HYLTONPE339DU,mastercard,19,7169.17
1199,2019-08,AVLUS-SUR-HYLTONPE339DU,visadebit,36,8919.340000000002
1200,2019-08,AVLUS-SUR-JOHNSTOWNSA313HL,mastercard,6,82.64
1201,2019-08,AVLUS-SUR-JOHNSTOWNSA313HL,visadebit,34,1501.0399999999997
1202,2019-08,AVLUS-SUR-KINGSTAGDT102AZ,mastercard,4,180.26
1203,2019-08,AVLUS-SUR-KINGSTAGDT102AZ,visadebit,26,1405.8899999999999
1204,2019-08,AVLUS-SUR-LADYWOODS427BN,mastercard,1,30.0
1205,2019-08,AVLUS-SUR-LADYWOODS427BN,visadebit,5,229.29
1206,2019-08,AVLUS-SUR-LEDAIGPA371RT,mastercard,13,353.24
1207,2019-08,AVLUS-SUR-LEDAIGPA371RT,visadebit,22,1236.84
1208,2019-08,AVLUS-SUR-LLANHARANCF729NR,mastercard,13,283.43999999999994
1209,2019-08,AVLUS-SUR-LLANHARANCF729NR,visadebit,47,1475.1199999999997
1210,2019-08,AVLUS-SUR-LONDONLL554DE,mastercard,11,436.88
1211,2019-08,AVLUS-SUR-LONDONLL554DE,visadebit,57,2904.4400000000005
1212,2019-08,AVLUS-SUR-MARCHPE158NH,mastercard,10,121.11
1213,2019-08,AVLUS-SUR-MARCHPE158NH,visadebit,39,1210.2499999999998
1214,2019-08,AVLUS-SUR-MILLDY98EE,mastercard,19,697.23
1215,2019-08,AVLUS-SUR-MILLDY98EE,visadebit,39,1593.9099999999996
1216,2019-08,AVLUS-SUR-MOFFBA77PF,visadebit,1,40.01
1217,2019-08,AVLUS-SUR-MORRISSA200EG,mastercard,19,741.03
1218,2019-08,AVLUS-SUR-MORRISSA200EG,visadebit,59,2661.0800000000004
1219,2019-08,AVLUS-SUR-MOUNJOYBT785NL,mastercard,1,1.29
1220,2019-08,AVLUS-SUR-MURCO247BD38DX,mastercard,9,63.66999999999999
1221,2019-08,AVLUS-SUR-MURCO247BD38DX,visadebit,11,175.95
1222,2019-08,AVLUS-SUR-NEDGINGIP77BN,mastercard,5,534.0
1223,2019-08,AVLUS-SUR-NEDGINGIP77BN,visadebit,20,806.29
1224,2019-08,AVLUS-SUR-NEWGREGGSNG244EQ,mastercard,5,20.72
1225,2019-08,AVLUS-SUR-NEWGREGGSNG244EQ,visadebit,5,27.4
1226,2019-08,AVLUS-SUR-NWARDSONWF33AL,mastercard,17,459.05999999999995
1227,2019-08,AVLUS-SUR-NWARDSONWF33AL,visadebit,35,1300.86
1228,2019-08,AVLUS-SUR-PEGWELLCT125JB,mastercard,4,75.82
1229,2019-08,AVLUS-SUR-PEGWELLCT125JB,visadebit,22,549.11
1230,2019-08,AVLUS-SUR-PL329SHHALLW,mastercard,6,278.28
1231,2019-08,AVLUS-SUR-PL329SHHALLW,visadebit,26,1058.8299999999997
1232,2019-08,AVLUS-SUR-ROBDMPSA431RG,mastercard,29,1013.8900000000001
1233,2019-08,AVLUS-SUR-ROBDMPSA431RG,visadebit,83,3240.6100000000006
1234,2019-08,AVLUS-SUR-ROSEHILLBB11JB,mastercard,13,249.93
1235,2019-08,AVLUS-SUR-ROSEHILLBB11JB,visadebit,21,599.4200000000001
1236,2019-08,AVLUS-SUR-ROSSGL193EX,mastercard,1,93.5
1237,2019-08,AVLUS-SUR-ROSSGL193EX,visadebit,1,370.85
1238,2019-08,AVLUS-SUR-ROWSTOCKOX110JW,visadebit,1,41.95
1239,2019-08,AVLUS-SUR-SHIRELANDB664RD,mastercard,7,184.39000000000001
1240,2019-08,AVLUS-SUR-SHIRELANDB664RD,visadebit,43,1347.7899999999997
1241,2019-08,AVLUS-SUR-SMITHPL75AX,mastercard,8,269.01
1242,2019-08,AVLUS-SUR-SMITHPL75AX,visadebit,18,746.7
1243,2019-08,AVLUS-SUR-SSSSTNM389AW,mastercard,18,257.28999999999996
1244,2019-08,AVLUS-SUR-SSSSTNM389AW,visadebit,53,1465.1599999999999
1245,2019-08,AVLUS-SUR-STANFORDSS170PF,mastercard,30,997.7199999999997
1246,2019-08,AVLUS-SUR-STANFORDSS170PF,visadebit,103,3669.09
1247,2019-08,AVLUS-SUR-STATIONGSWR127DE,mastercard,17,643.9300000000001
1248,2019-08,AVLUS-SUR-STATIONGSWR127DE,visadebit,56,2280.49
1249,2019-08,AVLUS-SUR-STRADISHALLCB89XX,mastercard,12,508.65999999999997
1250,2019-08,AVLUS-SUR-STRADISHALLCB89XX,visadebit,25,995.3199999999998
1251,2019-08,AVLUS-SUR-SUPERFINEBB95NP,mastercard,3,103.16
1252,2019-08,AVLUS-SUR-SUPERFINEBB95NP,visadebit,12,334.09
1253,2019-08,AVLUS-SUR-SYNODSA446JE,mastercard,4,153.23
1254,2019-08,AVLUS-SUR-SYNODSA446JE,visadebit,15,721.97
1255,2019-08,AVLUS-SUR-TITTYHONN96DP,mastercard,3,46.09
1256,2019-08,AVLUS-SUR-TITTYHONN96DP,visadebit,9,365.5
1257,2019-08,AVLUS-SUR-TOPBROMHR74QU,mastercard,6,495.22999999999996
1258,2019-08,AVLUS-SUR-TOPBROMHR74QU,visadebit,23,1337.9199999999998
1259,2019-08,AVLUS-SUR-TULLOCKKW151HD,mastercard,5,223.0
1260,2019-08,AVLUS-SUR-TULLOCKKW151HD,visadebit,12,607.89
1261,2019-08,AVLUS-SUR-UBLEYBS406PG,mastercard,7,546.26
1262,2019-08,AVLUS-SUR-UBLEYBS406PG,visadebit,20,1707.04
1263,2019-08,AVLUS-SUR-WHYNOTB757ET,mastercard,8,280.53000000000003
1264,2019-08,AVLUS-SUR-WHYNOTB757ET,visadebit,41,1377.91
1265,2019-08,AVLUS-SUR-WILLERSEYWR127PL,mastercard,5,189.3
1266,2019-08,AVLUS-SUR-WILLERSEYWR127PL,visadebit,8,395.34999999999997
1267,2019-08,AVLUS-SUR-WINDYSA399HP,mastercard,24,845.5799999999998
1268,2019-08,AVLUS-SUR-WINDYSA399HP,visadebit,72,3247.780000000001
1269,2019-08,AVLUS-SUR-WOODROWNR104HP,mastercard,13,551.85
1270,2019-08,AVLUS-SUR-WOODROWNR104HP,visadebit,40,1601.37
1271,2019-08,AVLUS-SUR-ZOARTR126RJ,mastercard,7,411.89
1272,2019-08,AVLUS-SUR-ZOARTR126RJ,visadebit,21,784.4399999999999
1273,2019-08,AVLUS-SUTTONGARAGE,mastercard,5,135.98
1274,2019-08,AVLUS-SUTTONGARAGE,visadebit,17,826.2700000000001
1275,2019-08,AVLUS-SWINDONTRUCKSTOP,mastercard,1,3.0
1276,2019-08,AVLUS-SWINDONTRUCKSTOP,visadebit,5,84.75
1277,2019-08,AVLUS-THEBRIDGEGARAGE,mastercard,11,440.68
1278,2019-08,AVLUS-THEBRIDGEGARAGE,visadebit,53,3437.399999999999
1279,2019-08,AVLUS-THOMASBUCHANANDSON,mastercard,3,122.7
1280,2019-08,AVLUS-THOMASBUCHANANDSON,visadebit,8,368.19000000000005
1281,2019-08,AVLUS-TIGHNABRUAICHSERVSTN,mastercard,3,88.14
1282,2019-08,AVLUS-TIGHNABRUAICHSERVSTN,visadebit,2,163.41
1283,2019-08,AVLUS-TILTONGARAGE,mastercard,2,80.0
1284,2019-08,AVLUS-TILTONGARAGE,visadebit,3,138.32
1285,2019-08,AVLUS-TISBURYMOTORSLTD,mastercard,5,1846.56
1286,2019-08,AVLUS-TISBURYMOTORSLTD,visadebit,4,182.63
1287,2019-08,AVLUS-TOLLADINESSTN,mastercard,1,11.94
1288,2019-08,AVLUS-TOLLADINESSTN,visadebit,6,571.98
1289,2019-08,AVLUS-TOLLBARGARAGENYORKSHIRE,mastercard,11,419.85
1290,2019-08,AVLUS-TOLLBARGARAGENYORKSHIRE,visadebit,25,1239.4099999999999
1291,2019-08,AVLUS-TPLAWRENCEANDSONLTD,mastercard,3,78.01
1292,2019-08,AVLUS-TPLAWRENCEANDSONLTD,visadebit,5,1006.19
1293,2019-08,AVLUS-VALLEYVIEWGARAGE,mastercard,6,253.04000000000002
1294,2019-08,AVLUS-VALLEYVIEWGARAGE,visadebit,23,919.55
1295,2019-08,AVLUS-WARBURTONSSTN,mastercard,18,983.71
1296,2019-08,AVLUS-WARBURTONSSTN,visadebit,21,3000.99
1297,2019-08,AVLUS-WBRAUNDSON,mastercard,5,311.71000000000004
1298,2019-08,AVLUS-WBRAUNDSON,visadebit,31,1198.22
1299,2019-08,AVLUS-WELFORDGARAGE,mastercard,20,803.36
1300,2019-08,AVLUS-WELFORDGARAGE,visadebit,50,2709.4599999999996
1301,2019-08,AVLUS-WESTENDFILLINGSTN,mastercard,6,151.92000000000002
1302,2019-08,AVLUS-WESTENDFILLINGSTN,visadebit,15,646.2199999999999
1303,2019-08,AVLUS-WINDERMERELA231DX,mastercard,17,781.41
1304,2019-08,AVLUS-WINDERMERELA231DX,visadebit,19,687.76
1305,2019-08,AVLUS-WLIVINGSTONE,mastercard,11,245.35
1306,2019-08,AVLUS-WLIVINGSTONE,visadebit,12,470.34999999999997
1307,2019-08,AVLUS-WOOLPITSSTNNEW,mastercard,1,33.5
1308,2019-08,AVLUS-WOOLPITSSTNNEW,visadebit,8,265.05
1309,2019-08,AVLUS-WOOTTONGARAGE,mastercard,15,596.11
1310,2019-08,AVLUS-WOOTTONGARAGE,visadebit,56,1842.1699999999998
1311,2019-08,AVLUS-WORBOYSGARAGELTD,mastercard,7,340.61
1312,2019-08,AVLUS-WORBOYSGARAGELTD,visadebit,16,1702.2800000000002
1313,2019-08,MXPMB-ADN-MRC-ASP-STATIONGARAGE,mastercard,14,521.61
1314,2019-08,MXPMB-ADN-MRC-ASP-STATIONGARAGE,visadebit,243,5704.280000000005
